Word,Page_Number
חירום,1
מתמשך,1
מערכת,1
החינוך,1
בימי,1
מלחמה,1
ומשבר,1
בין,1
פגיעה,1
לחוסן,1
אסופת,1
מחקרים,1
על,1
ההשלכות,1
של,1
מלחמת,1
חרבות,1
ברזל,1
על,1
תלמידים,1
ועובדי,1
הוראה,1
על,1
משאבי,1
חוסן,1
עצמיים,1
וחברתיים,1
ועל,1
כלים,1
לחיזוק,1
החוסן,1
מדינת,1
ישראל,1
משרד,1
החינוך,1
לשכת,1
המדענית,1
הראשית,1
עריכה,1
ד,1
ר,1
אודט,1
סלע,1
ד,1
ר,1
טל,1
רז,1
ד,1
ר,1
אסף,1
שטיין,1
לשכת,1
המדענית,1
הראשית,1
משרד,1
החינוך,1
כתיבת,1
המבוא,1
ד,1
ר,1
עדו,1
ליטמנוביץ,1
אדר,1
תשפ,1
ו,1
תוכן,2
עניינים,2
מבואא,2
הקשר,2
היסטורי,2
ומחקרי,2
לאסופהב,2
מאפיינים,2
ראשוניים,2
של,2
מצב,2
החירום,2
המתמשך,2
הנוכחי,2
בחינוךג,2
ד,2
חלק,2
ראשון,2
חלק,2
שני,2
חלק,2
שלישי,2
רשימת,2
המאמריםנספח,2
א,3
בסופה,3
של,3
שעת,3
חירום,3
מתמשכת,3
ורחבת,3
היקף,3
שנמשכה,3
אסופת,3
מחקרים,3
זו,3
נחתמת,3
בסתיו,3
כשנתיים,3
תקופה,3
זו,3
השפיעה,3
ועודנה,3
משפיעה,3
על,3
מציאות,3
החיים,3
בישראל,3
ובתוכה,3
על,3
מערכת,3
החינוך,3
ראשיתה,3
של,3
האסופה,3
בקול,3
קורא,3
שהוציאה,3
לשכת,3
המדענית,3
הראשית,3
במשרד,3
החינוך,3
בדצמבר,3
צוותים,3
של,3
חוקרות,3
וחוקרים,3
ממגוון,3
מוסדות,3
אקדמיים,3
בארץ,3
הגישו,3
חודשיים,3
לאחר,3
פרוץ,3
המלחמה,3
כ,3
מחקרים,3
הצעות,3
מחקר,3
לבחינת,3
ההשפעות,3
של,3
מלחמת,3
חרבות,3
ברזל,3
על,3
מערכת,3
החינוך,3
מהם,3
נבחרו,3
על,3
החינוך,3
בישראל,3
בחודשים,3
הראשונים,3
למלחמה,3
מרבית,3
המחקרים,3
שנבחרו,3
עסקו,3
בתלמידים,3
בני,3
נוער,3
מבחינת,3
כיסוי,3
גאוגרפי,3
חלק,3
הלומדים,3
בחטיבה,3
העליונה,3
כשליש,3
מהמחקרים,3
התמקדו,3
בצוותים,3
חינוכיים,3
מהמחקרים,3
התמקדו,3
באזור,3
העוטף,3
ובדרום,3
אחרים,3
בחנו,3
את,3
השינויים,3
בחינוך,3
באזור,3
הצפון,3
וחלק,3
אחר,3
בחנו,3
את,3
כל,3
מערכת,3
החינוך,3
בארץ,3
דוחות,3
המחקר,3
הוגשו,3
ללשכת,3
המדענית,3
הראשית,3
עד,3
סוף,3
שנת,3
ועברו,3
שיפוט,3
אקדמי,3
לפני,3
שאושרו,3
סופית,3
השנה,3
ואוגדו,3
לאסופה,3
זו,3
מטרתה,3
של,3
האסופה,3
היא,3
להציג,3
תמונה,3
מחקרית,3
מנקודות,3
מבט,3
רבות,3
על,3
האופן,3
שבו,3
נחוותה,3
ונתפסה,3
הפעילות,3
החינוכית,3
בחודשים,3
הראשונים,3
למלחמת,3
חרבות,3
ברזל,3
חיבור,3
של,3
כלל,3
הממצאים,3
יחד,3
מאפשר,3
להתחיל,3
להבין,3
את,3
עומק,3
המשבר,3
ואת,3
הסיכון,3
שטמון,3
בו,3
לפגיעה,3
ארוכת,3
טווח,3
במקביל,3
לכך,3
ניתן,3
להתחיל,3
ולאתר,3
כוחות,3
ומשאבים,3
שיאפשרו,3
שיקום,3
והתמודדות,3
עימו,3
כינסה,3
לשכת,3
כדי,3
לסייע,3
למשרד,3
החינוך,3
לקדם,3
פתרונות,3
למשבר,3
כפי,3
שהוא,3
מוצג,3
באסופה,3
בקיץ,3
המדענית,3
הראשית,3
לשלושה,3
מפגשים,3
חוקרות,3
וחוקרים,3
שהשתתפו,3
בכתיבת,3
מחקרי,3
האסופה,3
במפגשים,3
בחנו,3
יחד,3
מהן,3
התובנות,3
היישומיות,3
העולות,3
מהאסופה,3
כמו,3
כן,3
דנו,3
בהם,3
בעקרונות,3
שעליהם,3
מומלץ,3
להשתית,3
את,3
ההכנה,3
לזמן,3
חירום,3
ואת,3
ההתמודדות,3
עם,3
משבר,3
מתמשך,3
בתום,3
מפגשים,3
אלו,3
יצרנו,3
מסמך,3
תשתית,3
ידע,3
שמסכם,3
רעיונות,3
אלו,3
ומנגיש,3
אותם,3
למתווי,3
מדיניות,3
במשרד,3
החינוך,3
מסמך,3
זה,3
יפורסם,3
בנפרד,3
להבנת,3
עומק,3
המשבר,3
והתמשכותו,3
יש,3
תרומה,3
כפולה,3
ראשית,3
מדובר,3
במסגור,3
מחדש,3
של,3
המצב,3
בשונה,3
מהמסגור,3
השגור,3
של,3
משברים,3
נקודתיים,3
שהתרחשו,3
בזמן,3
מסוים,3
והסתיימו,3
שנית,3
המסגור,3
מחדש,3
גם,3
מחייב,3
שינוי,3
בהתייחסות,3
שלנו,3
קובעי,3
מדיניות,3
חוקרים,3
ומחנכים,3
אם,3
במצב,3
של,3
משבר,3
נקודתי,3
נהוג,3
להתמקד,3
בשיקום,3
ובחזרה,3
לשגרה,3
כפי,3
שמוצג,3
במודלים,3
תיאורטיים,3
רבים,3
הרי,3
שבמצב,3
חירום,3
מתמשך,3
ראוי,3
לבחון,3
מחדש,3
את,3
המענים,3
הניתנים,3
למצב,3
החינוך,3
הנוכחי,3
בחשיבה,3
ארוכת,3
טווח,3
הרעיון,3
של,3
מצב,3
חירום,3
מתמשך,3
בחינוך,3
מתבסס,3
על,3
מחקר,3
קיים,3
מאז,3
משבר,3
הקורונה,3
הוגדרו,3
מערכות,3
מתייחסות,3
למצב,3
חינוך,3
שונות,3
בעולם,3
כנתונות,3
תחת,3
חירום,3
מתמשך,3
קלמן,3
הלוי,3
ומסרמן,3
אזולאי,3
מתמקדות,3
באוכלוסיית,3
חירום,3
מתמשך,3
בכלל,3
מערכת,3
החינוך,3
בישראל,3
ואילו,3
חזן,3
ועמיתותיה,3
התלמידים,3
והצוותים,3
החינוכיים,3
שפונו,3
במלחמת,3
חרבות,3
ברזל,3
מושג,3
זה,3
כבר,3
נמצא,3
בשימוש,3
גם,3
במשרד,3
הרוב,3
המכריע,3
של,3
המחקרים,3
שהוגשו,3
לקול,3
קורא,3
זה,3
התמקדו,3
בחברה,3
היהודית,3
בלבד,3
מסיבה,3
זו,3
אסופה,3
זו,3
מציגה,3
תמונת,3
מצב,3
רק,3
עבור,3
חברה,3
זו,3
לשכת,3
המדענית,3
הראשית,3
פרסמה,3
קול,3
קורא,3
נוסף,3
ייעודי,3
לחברה,3
הערבית,3
וארבעת,3
המחקרים,3
שזכו,3
מבוצעים,3
בימים,3
אלו,3
חשוב,3
לציין,3
שרבים,3
מהמחקרים,3
באסופה,3
זו,3
מצומצמים,3
או,3
קצרי,3
טווח,3
ולא,3
ניתן,3
ללמוד,3
מהם,3
על,3
כלל,3
האוכלוסייה,3
נוסף,3
על,3
כך,3
הפעולות,3
החינוכיות,3
בשטח,3
משתנות,3
כל,3
העת,3
וייתכן,3
שאלו,3
המתוארות,3
במחקרים,3
כבר,3
אינן,3
רלוונטיות,3
למציאות,3
שבה,3
האסופה,3
יוצאת,3
לאור,3
לכן,3
על,3
אף,3
התרומה,3
האפשרית,3
של,3
אסופה,3
זו,3
לשיפור,3
פעולות,3
חינוכיות,3
קונקרטיות,3
תרומתה,3
מוגבלת,3
בשל,3
מגבלות,3
מחקריות,3
אלה,3
כנפיים,3
של,3
תקווה,3
מודל,3
התערבות,3
לצוותים,3
חינוכיים,3
התמודדות,3
באוקטובר,3
קלמן,3
הלוי,3
מ,3
ומסרמן,3
אזולאי,3
ר,3
פסיכולוגיה,3
עברית,3
עם,3
השפעות,3
שגרת,3
חירום,3
מתמשך,3
מרכז,3
פורום,3
חינוך,3
בחירום,3
קווים,3
מנחים,3
ליצירת,3
רציפות,3
בעת,3
חירום,3
מתמשך,3
חזן,3
א,3
בוכניק,3
צ,3
ואבן,3
זהב,3
ע,3
שמואל,3
נאמן,3
למחקר,3
מדיניות,3
לאומית,3
החינוך,4
למשל,4
בפרסומים,4
של,4
שפ,4
י,4
ייחודיותה,4
של,4
אסופה,4
זו,4
היא,4
באישוש,4
אמפירי,4
רב,4
להימצאות,4
של,4
כל,4
באי,4
מערכת,4
החינוך,4
בכל,4
המסגרות,4
החינוכיות,4
ולא,4
רק,4
תלמידים,4
מפונים,4
או,4
מרכזי,4
למידה,4
בשעת,4
חירום,4
במצב,4
חירום,4
מתמשך,4
בחודשים,4
הראשונים,4
של,4
מלחמת,4
חרבות,4
ברזל,4
ראוי,4
לציין,4
בהקשר,4
זה,4
כי,4
חירום,4
מתמשך,4
שאינו,4
זוכה,4
למענים,4
מתאימים,4
עלול,4
להפוך,4
למצב,4
חירום,4
כרוני,4
שני,4
המונחים,4
שאולים,4
מתחום,4
הרפואה,4
בהקשר,4
endemic,4
crisis,4
או,4
למשבר,4
אנדמיchronic,4
emergency,4
למדיניות,4
חירום,4
כרוני,4
הוא,4
מונח,4
המתאר,4
מצב,4
שבו,4
תופעות,4
החירום,4
נמשכות,4
לאורך,4
זמן,4
ומערערות,4
את,4
תחושת,4
היציבות,4
לאורך,4
חודשים,4
ואף,4
שנים,4
בניגוד,4
למשבר,4
חריף,4
אך,4
נקודתי,4
חירום,4
כרוני,4
שוחק,4
את,4
משבר,4
אנדמי,4
הוא,4
היכולות,4
של,4
מוסדות,4
הציבור,4
וכן,4
את,4
החוסן,4
החברתי,4
לאורך,4
זמן,4
ומונע,4
חזרה,4
לשגרה,4
מונח,4
דומה,4
שמציג,4
מצב,4
של,4
חירום,4
כרוני,4
באזורים,4
מסוימים,4
בזמן,4
שאזורים,4
אחרים,4
מצליחים,4
להשתקם,4
במצב,4
זה,4
מאפייני,4
החירום,4
הופכים,4
לקבועים,4
באותם,4
מקומות,4
שלא,4
השתקמו,4
והם,4
מושרשים,4
במערכת,4
כך,4
נוצר,4
מעגל,4
קסמים,4
שקשה,4
מאוד,4
להיחלץ,4
ממנו,4
נדגים,4
את,4
שני,4
המונחים,4
במדינות,4
שבהן,4
צומצם,4
כוח,4
ההוראה,4
המקצועי,4
בשל,4
משברים,4
קיימת,4
נטייה,4
להסתמך,4
במידה,4
רבה,4
על,4
כוח,4
עזר,4
לא,4
מקצועי,4
על,4
אף,4
שפתרון,4
זה,4
מועיל,4
לטווח,4
הקצר,4
כוח,4
העזר,4
אינו,4
יכול,4
לסייע,4
למערכת,4
לחזור,4
להישגיה,4
שלפני,4
המשבר,4
כך,4
פתרונות,4
נקודתיים,4
שנועדו,4
לסייע,4
בטווח,4
הקצר,4
עלולים,4
למנוע,4
יציאה,4
ממשברים,4
בחינוך,4
בטווח,4
הארוך,4
אם,4
המצב,4
המתואר,4
מתרחש,4
במדינה,4
כולה,4
מדובר,4
בחירום,4
כרוני,4
ואם,4
רק,4
בחלקים,4
ממנה,4
למשל,4
באזורי,4
ספר,4
הכוונה,4
למשבר,4
אנדמי,4
השימוש,4
בשני,4
מונחים,4
אלו,4
עשוי,4
לשפוך,4
אור,4
על,4
מצבים,4
מהסוג,4
שמערכת,4
החינוך,4
בישראל,4
עשויה,4
להימצא,4
על,4
סיפם,4
המשבר,4
שיצרה,4
מלחמת,4
חרבות,4
ברזל,4
הוא,4
חוליה,4
נוספת,4
בשרשרת,4
של,4
מצבי,4
חירום,4
ביטחוניים,4
ואחרים,4
כגון,4
משבר,4
הקורונה,4
שנוספו,4
על,4
האתגרים,4
שמערכת,4
החינוך,4
בישראל,4
מתמודדת,4
עימם,4
בעשורים,4
האחרונים,4
עם,4
זאת,4
חומרת,4
הפגיעה,4
של,4
המשבר,4
הנוכחי,4
במערכת,4
החינוך,4
משך,4
הפגיעה,4
בה,4
ומידת,4
ההשפעה,4
המשתנה,4
שלה,4
על,4
אזורים,4
שונים,4
הם,4
ייחודיים,4
כשמביאים,4
בחשבון,4
את,4
ההשפעה,4
הכוללת,4
של,4
המלחמה,4
ואת,4
הגידול,4
ברמות,4
המצוקה,4
במהלכה,4
מובן,4
שההתמודדות,4
של,4
מערכת,4
החינוך,4
מורכבת,4
אף,4
יותר,4
לטענתנו,4
שיקום,4
ממצב,4
חירום,4
מתמשך,4
חשוב,4
שיתבצע,4
גם,4
באמצעים,4
ובשיטות,4
חדשים,4
מקוריים,4
ומותאמים,4
ולפיכך,4
נדרשת,4
חשיבה,4
גמישה,4
על,4
פתרונות,4
עבורו,4
מתן,4
מענה,4
מוכנות,4
לפני,4
התרחשותו,4
התמודדות,4
עם,4
משבר,4
מורכבת,4
בדרך,4
כלל,4
משלושה,4
שלבים,4
אולם,4
במציאות,4
הנוכחית,4
התמודדות,4
עם,4
שיקום,4
ועם,4
חזרה,4
לשגרה,4
ראשוני,4
עד,4
שהגורם,4
למשבר,4
חולף,4
כפי,4
שעולה,4
ברבים,4
מהמחקרים,4
שבאסופה,4
שלבי,4
ההתמודדות,4
אינם,4
מתרחשים,4
בזה,4
אחר,4
זה,4
אלא,4
משתלבים,4
ומתערבבים,4
זה,4
בזה,4
כך,4
נדרשו,4
בתי,4
ספר,4
לשקם,4
תפקוד,4
רגשי,4
ולימודי,4
תוך,4
כדי,4
המשך,4
איום,4
חיצוני,4
מורות,4
ויועצות,4
השתמשו,4
בכלים,4
לתמיכה,4
ולשיקום,4
בתוך,4
שגרת,4
חירום,4
מתמשכת,4
ומדיניות,4
חינוכית,4
פעלה,4
לעיתים,4
מתוך,4
ניסיון,4
להחיל,4
שגרה,4
גם,4
בשעה,4
שטרם,4
הסתיים,4
שלב,4
ההתמודדות,4
הראשונית,4
עם,4
המשבר,4
מכאן,4
אפשר,4
להסיק,4
שהתמודדות,4
בזמן,4
אמת,4
עם,4
חירום,4
מתמשך,4
בדגש,4
על,4
השלב,4
השני,4
המתואר,4
לעיל,4
דורשת,4
הרחבה,4
גמישה,4
ויצירתית,4
של,4
דרכי,4
ההתמודדות,4
ושל,4
המודלים,4
התיאורטיים,4
המסבירים,4
את,4
מצב,4
החירום,4
ומצביעים,4
על,4
שורשיו,4
מחיבור,4
שני,4
מאפיינים,4
אלה,4
של,4
משבר,4
מתמשך,4
השתרשרות,4
עם,4
משברים,4
קודמים,4
ודרגת,4
חומרה,4
שעולה,4
עליהם,4
נראה,4
כי,4
אירועי,4
חירום,4
ובהם,4
אירועי,4
חירום,4
בחינוך,4
עשויים,4
להפוך,4
לרכיב,4
קבוע,4
של,4
המציאות,4
השפעתם,4
השלילית,4
של,4
אירועי,4
חירום,4
אלו,4
על,4
שגרת,4
החיים,4
של,4
תלמידים,4
ושל,4
אנשי,4
חינוך,4
על,4
השלומות,4
שלהם,4
על,4
הישגי,4
התלמידים,4
ועל,4
שימור,4
אנשי,4
חינוך,4
במערכת,4
עלולה,4
להיות,4
ארוכת,4
טווח,4
Akkari,4
A,4
Radhouane,4
M,4
Learning,4
in,4
emergencies,4
contexts,4
From,4
the,4
building,4
of,4
the,4
concept,4
to,4
multifaced,4
actions,4
in,4
the,4
field,4
Prospects,4
Mutch,4
C,4
The,4
role,4
of,4
schools,4
in,4
disaster,4
preparedness,4
response,4
and,4
recovery,4
what,4
can,4
we,4
learn,4
from,4
the,4
literature,4
Pastoral,4
Care,4
in,4
Education,4
אסופת,5
מחקרים,5
זו,5
על,5
מלחמת,5
חרבות,5
ברזל,5
מציגה,5
למערכת,5
החינוך,5
הזדמנות,5
ללמוד,5
באופן,5
מקיף,5
על,5
התנהלותה,5
בעת,5
משבר,5
מתמשך,5
זה,5
המחקרים,5
בה,5
מצביעים,5
על,5
הצרכים,5
המתמשכים,5
והמשתנים,5
של,5
תלמידים,5
ושל,5
צוותי,5
הוראה,5
התמודדות,5
נפשית,5
עם,5
האסון,5
והטראומה,5
ועם,5
מעגלי,5
היפגעות,5
ראשוניים,5
ומשניים,5
רחבים,5
שהובילו,5
לקשיי,5
תפקוד,5
במסגרת,5
מוסד,5
החינוך,5
ובכלל,5
קשיים,5
לוגיסטיים,5
שחוו,5
משפחות,5
וקהילות,5
מפונות,5
נוסף,5
על,5
אתגר,5
הלמידה,5
וההוראה,5
אתגרי,5
למידה,5
במרכזי,5
למידה,5
למפונים,5
כמו,5
תחושת,5
ניתוק,5
מהמסגרת,5
החינוכית,5
הרגילה,5
חוסר,5
יציבות,5
ותנאי,5
למידה,5
לא,5
מיטביים,5
מובן,5
שגם,5
אירועים,5
שהתרחשו,5
מחוץ,5
למוסדות,5
החינוך,5
השפיעו,5
על,5
הנעשה,5
בהם,5
כך,5
למשל,5
בני,5
נוער,5
מכל,5
הארץ,5
נחשפו,5
לסרטונים,5
ולשיח,5
אלים,5
ברשתות,5
ובמקרים,5
רבים,5
לא,5
היו,5
לעובדי,5
ההוראה,5
כלים,5
לתווך,5
חשיפה,5
זו,5
או,5
אפילו,5
לדעת,5
על,5
קיומה,5
לצד,5
שיקוף,5
הצרכים,5
של,5
מערכת,5
החינוך,5
סביב,5
משבר,5
מתמשך,5
זה,5
עלה,5
במחקרים,5
שמוצגים,5
באסופה,5
הצורך,5
לנקוט,5
פעולות,5
מיוחדות,5
כדי,5
לצאת,5
מהמשבר,5
ולצמוח,5
ממנו,5
עיון,5
במחקרים,5
המוצגים,5
כאן,5
וכן,5
אצל,5
ועמיתותיה,5
מעלה,5
כי,5
המפתח,5
לצמיחה,5
ולשגשוג,5
מתוך,5
משבר,5
טמון,5
גם,5
בצורך,5
חוקרים,5
נוספים,5
כגון,5
חזן,5
בשינוי,5
התפיסה,5
המערכתית,5
תוך,5
הדגשת,5
החשיבות,5
של,5
טיפוח,5
החוסן,5
האישי,5
החברתי,5
והמוסדי,5
של,5
עובדי,5
הוראה,5
ושל,5
התלמידים,5
כמו,5
כן,5
עולה,5
שיש,5
לטפח,5
את,5
החוסן,5
גם,5
בזמן,5
שגרה,5
כהכנה,5
לזמן,5
חירום,5
ולא,5
רק,5
במשבר,5
תקוותנו,5
היא,5
שאסופת,5
מחקרים,5
זו,5
על,5
התובנות,5
שניתן,5
לחלץ,5
מהם,5
תתרום,5
את,5
חלקה,5
להצלחתה,5
של,5
מערכת,5
החינוך,5
להשתקם,5
ולשגשג,5
לאחר,5
התקופה,5
המשברית,5
איור,5
יעל,5
שינקר,5
ב,6
התאפיינה,6
מלחמת,6
חרבות,6
ברזל,6
שהחלה,6
בפלישה,6
של,6
חמאס,6
ליישובי,6
עוטף,6
עזה,6
בשבעה,6
באוקטובר,6
בעוצמה,6
חסרת,6
תקדים,6
ובמאפיינים,6
שהבדילו,6
אותה,6
ממערכות,6
קודמות,6
ההערכה,6
היא,6
שבחודש,6
הראשון,6
אלף,6
תושבים,6
אלו,6
פונו,6
מאזור,6
הדרום,6
שהותקף,6
על,6
ידי,6
מחבלי,6
למלחמה,6
פונו,6
או,6
התפנו,6
מבתיהם,6
כ,6
חמאס,6
וכן,6
מאזור,6
גבול,6
הצפון,6
כולל,6
קריית,6
שמונה,6
בשל,6
ההתלקחות,6
בגבול,6
ומחשש,6
להחרפת,6
המצב,6
בזירה,6
אלפים,6
מרכזים,6
ביותר,6
מחמישים,6
רשויות,6
ברחבי,6
הארץ,6
עשרות,6
הצפונית,6
התושבים,6
נקלטו,6
בכמעט,6
ישנם,6
עדיין,6
נותרו,6
מפונים,6
במשך,6
יותר,6
משמונה,6
חודשים,6
וגם,6
נכון,6
לכתיבת,6
שורות,6
אלו,6
סתיו,6
תושבים,6
מהצפון,6
ומהדרום,6
שיישוביהם,6
טרם,6
שוקמו,6
המלחמה,6
יצרה,6
בן,6
רגע,6
מצב,6
חירום,6
בכלל,6
המדינה,6
מערכת,6
החינוך,6
נדרשה,6
לקטוע,6
את,6
הלימודים,6
פנים,6
אל,6
פנים,6
בשעה,6
שילדים,6
ונוער,6
נחשפו,6
לאירוע,6
בעל,6
השלכות,6
מרחיקות,6
לכת,6
על,6
תחושת,6
המוגנות,6
והרווחה,6
הנפשית,6
שלהם,6
הפינוי,6
הנרחב,6
דרש,6
פתרונות,6
חינוך,6
מהירים,6
שבחלקם,6
נדרשו,6
להיות,6
גם,6
פתרונות,6
ארוכי,6
זמניות,6
הביא,6
להקמת,6
מסגרות,6
חינוכיות,6
חלופיות,6
ביישובים,6
חינוך,6
מסגרת,6
טווח,6
משרד,6
החינוך,6
פתח,6
מאות,6
מפונים,6
מאוחר,6
יותר,6
הקים,6
משרד,6
גן,6
וילדי,6
תלמידים,6
אלף,6
כמו,6
אילת,6
חיפה,6
ומלונות,6
ים,6
המלח,6
עבור,6
החינוך,6
מסגרות,6
שנועדו,6
לתת,6
פתרונות,6
חינוך,6
ארוכי,6
טווח,6
באזורים,6
עורפיים,6
הסמוכים,6
ליישובים,6
המפונים,6
המסגרות,6
פעלו,6
בטווחי,6
זמן,6
שונים,6
חלקם,6
במשך,6
שבועות,6
או,6
חודשים,6
ספורים,6
וחלק,6
אחר,6
פעלו,6
עד,6
סוף,6
שנת,6
הלימודים,6
תשפ,6
ד,6
בשלבי,6
הלחימה,6
העצימה,6
הופעלה,6
למידה,6
מרחוק,6
גם,6
באזורים,6
נוספים,6
בארץ,6
תיאור,6
של,6
שירות,6
פסיכולוגי,6
ייעוצי,6
שפ,6
י,6
לפעולות,6
של,6
עובדיו,6
במלחמה,6
מאז,6
שעות,6
הבוקר,6
של,6
השבעה,6
באוקטובר,6
ולאורך,6
כל,6
המלחמה,6
פעל,6
שפ,6
י,6
לספק,6
מענים,6
רגשיים,6
חברתיים,6
ומשפחתיים,6
לכלל,6
הקהילה,6
החינוכית,6
תלמידים,6
צוותי,6
חינוך,6
והורים,6
המענים,6
כללו,6
הדרכה,6
טיפול,6
תמיכה,6
ליווי,6
וסיוע,6
כמו,6
כן,6
פותחו,6
פורסמו,6
ויושמו,6
תדריכים,6
פסיכו,6
חינוכיים,6
חדשים,6
כל,6
אלו,6
התגבשו,6
על,6
סמך,6
הניסיון,6
והידע,6
הקיים,6
בשפ,6
י,6
תוך,6
התייעצויות,6
בזמן,6
אמת,6
עם,6
מומחים,6
מהאקדמיה,6
ובהתבסס,6
על,6
מידע,6
בקשות,6
וצרכים,6
שזרמו,6
מהשטח,6
בגיבוש,6
מערך,6
המענים,6
ההמלצות,6
הכלים,6
והתדריכים,6
פעלו,6
מומחי,6
שפ,6
י,6
על,6
פי,6
שלושה,6
עקרונות,6
התבססות,6
על,6
ידע,6
מקצועי,6
קיים,6
וחיבור,6
למשאבים,6
המוכרים,6
רציפות,6
תפקודית,6
התאמה,6
שוב,6
ושוב,6
לצורכי,6
השטח,6
האקטואליים,6
המורכבים,6
והייחודיים,6
דיוק,6
הפקה,6
יישום,6
והזרמה,6
של,6
המענים,6
לשטח,6
מהר,6
ככל,6
הניתן,6
יעילות,6
ההתאמה,6
לצורכי,6
המלחמה,6
השירות,6
התאים,6
את,6
כלי,6
ההתמודדות,6
ואת,6
מערך,6
החוסן,6
והתמיכה,6
החינוכי,6
לצו,6
השעה,6
תוך,6
מודעות,6
להשלכות,6
המלחמה,6
השפעותיה,6
השינויים,6
התדירים,6
והאילוצים,6
שהיא,6
הטילה,6
המענים,6
כוונו,6
לקהילות,6
מגוונות,6
אלו,6
שפונו,6
מביתן,6
תלמידים,6
שלמדו,6
מרחוק,6
וקהילות,6
חינוכיות,6
שונות,6
בכל,6
קבוצות,6
הגיל,6
תמונת,6
המצב,6
המורכבת,6
חידדה,6
את,6
ההבנה,6
שנדרשות,6
זמינות,6
וגמישות,6
והמענים,6
הותאמו,6
ונכתבו,6
מחדש,6
לאורך,6
זמן,6
על,6
פי,6
הצרכים,6
המתהווים,6
האתגרים,7
שהתמודדו,7
עימם,7
במערכת,7
החינוך,7
בשנת,7
תשפ,7
ד,7
כתוצאה,7
מהמלחמה,7
כללו,7
פערים,7
לימודיים,7
שהתרחבו,7
קשיי,7
הסתגלות,7
חרדות,7
מחסור,7
במורים,7
ובמטפלים,7
פגיעה,7
בתשתיות,7
חינוכיות,7
וצורך,7
בשיפוץ,7
מוסדות,7
חינוך,7
או,7
בהוספת,7
מיגון,7
כחלק,7
מהקמת,7
מנהלת,7
תקומה,7
ביישובי,7
העוטף,7
ו,7
מנהלת,7
תנופה,7
בצפון,7
השקיע,7
משרד,7
החינוך,7
תקציבים,7
ייעודיים,7
לחיזוק,7
החוסן,7
הנפשי,7
של,7
תלמידים,7
באזורים,7
אלו,7
המשרד,7
גם,7
יצר,7
מתווה,7
מיוחד,7
לבחינות,7
הבגרות,7
בצל,7
המלחמה,7
וצמצם,7
את,7
התדירות,7
של,7
אירועי,7
הערכה,7
בכל,7
שכבות,7
הגיל,7
כאמור,7
המלחמה,7
הנוכחית,7
הצטרפה,7
לשורה,7
של,7
מצבי,7
חירום,7
שחוותה,7
מדינת,7
ישראל,7
בעשורים,7
האחרונים,7
אך,7
היא,7
בולטת,7
בעוצמתה,7
במורכבותה,7
ובהשפעותיה,7
רחבות,7
ההיקף,7
וארוכות,7
הטווח,7
ישראל,7
נמצאת,7
רשמית,7
במצב,7
חירום,7
מאז,7
הקמתה,7
והתמודדה,7
עם,7
שורת,7
אירועים,7
חריגים,7
ביניהם,7
מבצע,7
צוק,7
איתן,7
לשני,7
המשברים,7
הראשונים,7
היו,7
ומשבר,7
הקורונה,7
אינתיפאדת,7
הסכינים,7
השפעות,7
על,7
מערכת,7
החינוך,7
בחלק,7
ממחוזות,7
החינוך,7
משבר,7
הקורונה,7
השפיע,7
על,7
כל,7
מערכת,7
החינוך,7
במשך,7
התרחשו,7
שלושה,7
סבבי,7
סגירה,7
למאי,7
יותר,7
משנתיים,7
כזכור,7
במהלך,7
משבר,7
הקורונה,7
בין,7
מרץ,7
של,7
בתי,7
הספר,7
במסגרת,7
סגר,7
כללי,7
בתקופות,7
אלה,7
הופעלו,7
מערכות,7
למידה,7
מרחוק,7
ובכלל,7
זה,7
שיעורים,7
מקוונים,7
שידורים,7
לאומיים,7
והנגשת,7
תשתיות,7
דיגיטליות,7
לתלמידים,7
ולמורים,7
משרד,7
החינוך,7
הכשיר,7
צוותי,7
הוראה,7
ללמידה,7
מרחוק,7
רכש,7
ציוד,7
מחשבים,7
והנגיש,7
תכנים,7
דיגיטליים,7
למרות,7
כל,7
המאמצים,7
שהושקעו,7
לימודיים,7
בין,7
תלמידים,7
מרקעים,7
שונים,7
בעיקר,7
לרעת,7
אוכלוסיות,7
מוחלשות,7
כגון,7
לפערים,7
עדויות,7
קיימות,7
וערבים,7
יתרה,7
מזו,7
קיימות,7
עדויות,7
לכך,7
שהפגיעה,7
בהישגים,7
לימודיים,7
הורגשה,7
שנים,7
תלמידים,7
חרדים,7
פגיעה,7
בממוצע,7
ו,7
לאחר,7
המשבר,7
נמצאה,7
למשל,7
פגיעה,7
בהישגים,7
בארצות,7
הברית,7
בשנים,7
וכן,7
פגיעה,7
בהישגים,7
בישראל,7
במחקר,7
PISA,7
ההישגים,7
של,7
תלמידים,7
במדינות,7
שונות,7
שעלתה,7
במחקר,7
מכאן,7
מובן,7
שהקרע,7
שמשבר,7
ממושך,7
יוצר,7
במרקם,7
החיים,7
ובתוכו,7
גם,7
בחינוך,7
אינו,7
מתאחה,7
טימס,7
בזמן,7
קצר,7
כמו,7
כן,7
במערכות,7
חינוך,7
שונות,7
בעולם,7
ובהן,7
גם,7
בישראל,7
מתבהרת,7
החשיבות,7
של,7
מתן,7
מענה,7
מותאם,7
למשבר,7
מתמשך,7
לא,7
רק,7
בשיאו,7
של,7
המשבר,7
אלא,7
גם,7
לאחריו,7
לצד,7
האירועים,7
שהוזכרו,7
מגמות,7
גלובליות,7
כמו,7
עלייה,7
באירועי,7
אקלים,7
קיצוניים,7
ובמגפות,7
הן,7
אינדיקציה,7
לכך,7
שגם,7
בעתיד,7
קיים,7
חשש,7
שיתרחשו,7
מצבים,7
חריגים,7
נוספים,7
לטענתנו,7
הצטברותם,7
של,7
אירועים,7
אלו,7
יוצרת,7
הקשר,7
רחב,7
יותר,7
להבנת,7
מלחמת,7
חרבות,7
ברזל,7
לא,7
רק,7
כאירוע,7
ייחודי,7
אלא,7
גם,7
כחלק,7
ממגמה,7
של,7
חוסר,7
יציבות,7
מתמשך,7
מגמה,7
זו,7
מאותתת,7
על,7
צורך,7
להיערכות,7
כוללת,7
וארוכת,7
טווח,7
במערכת,7
החינוך,7
לאחר,7
שהצגנו,7
את,7
מטרות,7
האסופה,7
ואת,7
ההקשרים,7
ההיסטוריים,7
המיידי,7
והרחב,7
שלה,7
נעבור,7
בסעיף,7
הבא,7
להצגת,7
הממצאים,7
המרכזיים,7
של,7
המחקרים,7
המוצגים,7
בה,7
והתובנות,7
העולות,7
מהם,7
דוגמה,7
לחשיבות,7
זו,7
מומחשת,7
במקרה,7
של,7
קליטת,7
ילדי,7
מפונים,7
מהוריקן,7
קתרינה,7
שנחקר,7
על,7
פני,7
כעשרים,7
שנה,7
ראו,7
בלכר,7
נ,7
סקירת,7
ספרות,7
לשכת,7
המדענית,7
הראשית,7
משרד,7
החינוךילדי,7
קתרינה,7
השפעת,7
תפקודה,7
של,7
מערכת,7
החינוך,7
ג,8
בחלק,8
זה,8
נציג,8
נתונים,8
ומסקנות,8
העולים,8
מכלל,8
מאמרי,8
האסופה,8
נתחיל,8
בהצגת,8
ההשפעות,8
הרגשית,8
החברתית,8
והתפקודית,8
של,8
מלחמת,8
חרבות,8
ברזל,8
על,8
החינוך,8
בארץ,8
על,8
התלמידים,8
על,8
הצוותים,8
החינוכיים,8
ועל,8
מוסדות,8
החינוך,8
נמשיך,8
בבחינה,8
של,8
משאבי,8
החוסן,8
האישיים,8
והחברתיים,8
שנמצאו,8
בקרב,8
תלמידים,8
וצוותים,8
ונסיים,8
בתיאור,8
כלים,8
שנמצאו,8
יעילים,8
לחיזוק,8
חוסן,8
זה,8
ולטיפוחו,8
שלושה,8
חלקים,8
אלו,8
יחד,8
מציגים,8
תמונה,8
של,8
מצבה,8
של,8
מערכת,8
החינוך,8
בחודשים,8
הראשונים,8
למלחמה,8
האתגרים,8
שהוצבו,8
לפתחה,8
וכן,8
אופנים,8
שנראים,8
מבטיחים,8
להתמודדות,8
עם,8
אותם,8
אתגרים,8
בהמשך,8
יוצגו,8
המאמרים,8
באסופה,8
לפי,8
מבנה,8
זה,8
השפעות,8
המלחמה,8
על,8
מערכת,8
החינוך,8
מחקרי,8
האסופה,8
ממחישים,8
כי,8
מצב,8
חירום,8
מתמשך,8
כדוגמת,8
מלחמת,8
חרבות,8
ברזל,8
גורם,8
לשיבושים,8
רחבי,8
היקף,8
בכל,8
ההיבטים,8
של,8
מוסדות,8
חינוך,8
ושל,8
מערכת,8
החינוך,8
ברמה,8
הפיזית,8
למשל,8
פינוי,8
מוסדות,8
חינוך,8
והפעלה,8
של,8
חלופות,8
זמניות,8
או,8
של,8
הוראה,8
מקוונת,8
ברמת,8
התקשורת,8
במערכת,8
למשל,8
חוסר,8
בהירות,8
של,8
מוסדות,8
חינוך,8
לגבי,8
הפעולות,8
הנדרשות,8
ומידע,8
חסר,8
על,8
המצב,8
בפועל,8
ברשות,8
המטה,8
קשיי,8
תקשורת,8
בין,8
עובדי,8
הוראה,8
להורים,8
היעדר,8
התאמה,8
בין,8
ציפיות,8
המערכת,8
לבין,8
האפשרויות,8
בפועל,8
של,8
הצוות,8
החינוכי,8
ושל,8
ההנהלה,8
והיווצרות,8
אתגרים,8
שלא,8
ניתן,8
היה,8
להתכונן,8
אליהם,8
מראש,8
ברמה,8
התפקודית,8
למשל,8
צורך,8
גובר,8
בסיוע,8
רגשי,8
לתלמידים,8
בשעה,8
שלעיתים,8
לצוות,8
החינוכי,8
אין,8
די,8
כלים,8
ופניו,8
ת,8
רגשית,8
ואפשרות,8
לסייע,8
כנדרש,8
ברמה,8
הרגשית,8
למשל,8
צמצום,8
הזיקה,8
למוסדות,8
החינוך,8
ולצידו,8
צמצום,8
העניין,8
בלמידה,8
ובהוראה,8
שיבושים,8
אלו,8
אינם,8
מוגבלים,8
לרגעי,8
השיא,8
של,8
המשבר,8
אלא,8
שוררים,8
לאורך,8
זמן,8
השפעותיהם,8
כפי,8
שנראה,8
להלן,8
ארוכות,8
טווח,8
גם,8
הן,8
על,8
פי,8
הממצאים,8
של,8
המחקרים,8
המוצגים,8
באסופה,8
זו,8
ההשפעות,8
השליליות,8
של,8
המשבר,8
כוללות,8
תהליכי,8
שחיקה,8
מואצים,8
אובדן,8
עניין,8
הן,8
בתחילת,8
המלחמה,8
הן,8
ככל,8
שהיא,8
מתמשכת,8
וערעור,8
של,8
תחושת,8
היציבות,8
אלו,8
עלולים,8
להעמיק,8
ככל,8
שתקופת,8
החירום,8
מתמשכת,8
ולפיכך,8
ההתמודדות,8
היומיומית,8
עם,8
מציאות,8
משתנה,8
ומשובשת,8
גובה,8
מחירים,8
אישיים,8
מוסדיים,8
ומערכתיים,8
כמעט,8
כל,8
המאמרים,8
באסופה,8
מצביעים,8
על,8
פגיעה,8
חמורה,8
בזמינות,8
פגיעה,8
בגישה,8
לחינוך,8
ובנגישות,8
של,8
חינוך,8
עבור,8
אוכלוסיות,8
רבות,8
במיוחד,8
עבור,8
תלמידים,8
שפונו,8
מבתיהם,8
מחקריהם,8
של,8
טובין,8
ולבון,8
ושל,8
גולדברג,8
ודישון,8
מתארים,8
כיצד,8
פגעו,8
הפינוי,8
מיישוב,8
הקבע,8
והיעדר,8
תשתיות,8
ביכולת,8
התלמידים,8
להשתתף,8
בלמידה,8
סדירה,8
עלה,8
גם,8
שהמסגרות,8
החינוכיות,8
הזמניות,8
שנוסדו,8
פעלו,8
לעיתים,8
עקב,8
אילוצים,8
במתכונת,8
חלקית,8
ועם,8
חוסרים,8
בציוד,8
ובצוות,8
יציב,8
בהמשך,8
לכך,8
ברקוביץ,8
ועמיתיה,8
מתארים,8
את,8
הקשיים,8
בנגישות,8
ללימודים,8
הנובעים,8
מהוראה,8
מקוונת,8
ובהם,8
היעדר,8
מחשבים,8
וציוד,8
נדרש,8
אצל,8
חלק,8
מהתלמידים,8
קושי,8
של,8
צוותי,8
חינוך,8
ללמד,8
במרחב,8
המקוון,8
וקושי,8
של,8
תלמידים,8
להתרכז,8
בהוראה,8
מקוונת,8
ולהבין,8
את,8
הנלמד,8
ברקוביץ,9
ועמיתיה,9
מצאו,9
בהסתמך,9
היעדר,9
הלימה,9
בין,9
שיטות,9
ההוראה,9
המקובלות,9
והמצב,9
בפועל,9
על,9
ראיונות,9
עם,9
מורים,9
כי,9
גם,9
בלמידה,9
פרונטלית,9
שיטות,9
הלמידה,9
לא,9
היו,9
תמיד,9
מותאמות,9
למצב,9
הביטחוני,9
על,9
כן,9
לדעת,9
המורים,9
עצמם,9
הם,9
לא,9
תמיד,9
הצליחו,9
להעניק,9
לתלמידיהם,9
תמיכה,9
רגשית,9
ולימודית,9
מספקת,9
במחקרים,9
כמו,9
אלו,9
של,9
הראל,9
פיש,9
ווולש,9
של,9
לסרי,9
ועמיתותיה,9
וכן,9
של,9
מלין,9
פגיעה,9
בשלומות,9
ועמיתיה,9
נמצאו,9
תסמיני,9
דיכאון,9
חרדה,9
ופגיעות,9
פסיכוסומטיות,9
בקרב,9
תלמידים,9
ובקרב,9
עובדי,9
הוראה,9
גם,9
נחום,9
ועמיתותיה,9
מזהות,9
פגיעה,9
נרחבת,9
בבריאות,9
הנפשית,9
של,9
תלמידים,9
בחינוך,9
העל,9
יסודי,9
הפגיעות,9
האלו,9
נבעו,9
בין,9
היתר,9
מחוויות,9
אישיות,9
של,9
טראומה,9
או,9
מחשיפה,9
משנית,9
לטראומה,9
מחקרים,9
של,9
מלין,9
ועמיתותיה,9
ושל,9
קייזר,9
הלר,9
ועמיתיה,9
על,9
שימוש,9
במדיה,9
חברתית,9
בזמן,9
המלחמה,9
חושפים,9
קשר,9
בין,9
חשיפה,9
גבוהה,9
לתוכן,9
הנוגע,9
למלחמה,9
וכן,9
השתתפות,9
בוויכוחים,9
מקוונים,9
הנוגעים,9
למלחמה,9
לבין,9
מצוקה,9
רגשית,9
מוגברת,9
בקרב,9
עובדי,9
הוראה,9
התבטאה,9
הפגיעה,9
גם,9
טטר,9
ועמיתותיו,9
תיעדו,9
פגיעה,9
בשלומות,9
בתחושת,9
עומס,9
רגשי,9
מתמשך,9
ואף,9
בתשישות,9
חמלה,9
נרחבת,9
בשלומות,9
של,9
יועצות,9
חינוכיות,9
שנשאו,9
בעול,9
רגשי,9
רב,9
תוך,9
כדי,9
תמיכה,9
באחרים,9
ובמקביל,9
חוו,9
חרדה,9
עצב,9
ותחושת,9
בדידות,9
מקצועית,9
מחקרים,9
רבים,9
באסופה,9
ובכלל,9
זה,9
אלו,9
שהוזכרו,9
עד,9
כה,9
של,9
התפתחות,9
התנהגויות,9
שליליות,9
הראל,9
פיש,9
וולש,9
של,9
לסרי,9
ועמיתותיה,9
ושל,9
מלין,9
ועמיתותיה,9
מצביעים,9
על,9
פגיעה,9
בהבנת,9
המציאות,9
בקרב,9
תלמידים,9
וביכולת,9
ההתאמה,9
אליה,9
על,9
עלייה,9
בהסתגרות,9
ובהתבודדות,9
וכן,9
על,9
קושי,9
בוויסות,9
רגשי,9
כגון,9
היעדר,9
קשב,9
אימפולסיביות,9
והתפרצויות,9
בקרב,9
מתבגרים,9
במחקרן,9
של,9
נחום,9
ועמיתותיה,9
וכן,9
במחקרה,9
של,9
שרף,9
תוארו,9
גם,9
שינויים,9
בדפוסי,9
אכילה,9
ושינה,9
והתנהגויות,9
יומיומיות,9
אחרות,9
בקרב,9
בני,9
נוער,9
בכלל,9
הארץ,9
ובקרב,9
בני,9
נוער,9
מפונים,9
ערעור,9
ביחסים,9
משפחתיים,9
ופניות,9
נמוכה,9
ללמידה,9
במחקרים,9
שונים,9
הודגש,9
עומס,9
פיזי,9
ורגשי,9
כבד,9
שחוו,9
אנשי,9
שחיקה,9
מוגברת,9
של,9
צוותי,9
הוראה,9
ונשות,9
חינוך,9
בהם,9
מורים,9
יועצות,9
וגננות,9
שהיה,9
עליהן,9
להכיל,9
את,9
מצוקות,9
תלמידיהן,9
תוך,9
כדי,9
התמודדות,9
אישית,9
עם,9
חוסר,9
ודאות,9
ועם,9
חרדות,9
מחקרים,9
כגון,9
אלו,9
של,9
מלין,9
ועמיתיה,9
של,9
טטר,9
ועמיתותיו,9
ושל,9
ברקוביץ,9
ועמיתיה,9
מצביעים,9
על,9
כך,9
שלמרות,9
ההנחיות,9
שיצאו,9
מטעם,9
גורמים,9
שונים,9
במשרד,9
החינוך,9
לא,9
תמיד,9
חשו,9
עובדי,9
ההוראה,9
שהציפיות,9
מהם,9
מטעם,9
המשרד,9
ניתנות,9
למימוש,9
בזמן,9
חירום,9
זאת,9
ועוד,9
לעיתים,9
הם,9
חוו,9
תחושת,9
בדידות,9
ותחושת,9
שחיקה,9
מואצת,9
תחושת,9
השחיקה,9
הוחרפה,9
לנוכח,9
הפער,9
בין,9
הרצון,9
להעניק,9
תחושת,9
יציבות,9
שהיא,9
מאבני,9
היסוד,9
של,9
העבודה,9
החינוכית,9
לבין,9
מגבלות,9
המציאות,9
והשינויים,9
המהירים,9
החריפים,9
והמתמשכים,9
שהורגשו,9
גם,9
במוסדות,9
החינוך,9
תלמידים,9
שלמדו,9
במסגרות,9
חירום,9
זמניות,9
כגוןהיווצרות,9
של,9
פערי,9
ידע,9
ומיומנויות,9
בין,9
אוכלוסיות,9
בתי,9
ספר,9
למפונים,9
ומרכזי,9
למידה,9
המתוארים,9
במחקרם,9
של,9
גולדברג,9
ודישון,9
ושל,9
טובין,9
ולבון,9
למדו,9
מספר,9
מצומצם,9
של,9
שעות,9
ביום,9
למרות,9
מאמצי,9
משרד,9
החינוך,9
פעמים,9
רבות,9
הצוותים,9
בבתי,9
ספר,9
אלו,9
לא,9
היו,9
קבועים,9
ומערך,9
ההוראה,9
לא,9
היה,9
סדיר,9
לעומתם,9
תלמידים,9
באזורים,9
שלא,9
נפגעו,9
המשיכו,9
בלמידה,9
רגילה,9
תידרש,9
בחינה,9
מתמשכת,9
אם,9
מצב,9
זה,9
יצר,9
פערי,9
ידע,9
בין,9
קבוצות,9
שונות,9
באוכלוסייה,9
תשישות,9
חמלה,9
היא,9
תשישות,9
פיזית,9
רגשית,9
ומנטלית,9
שחווים,9
מי,9
שמטפלים,9
באחרים,9
הסובלים,9
מטראומה,9
או,9
ממצוקה,9
לאורך,9
תקופה,9
ממושכת,9
היא,9
שונה,9
מתשישות,9
רגילה,9
משום,9
שהיא,9
מופנית,9
כלפי,9
מושאי,9
הטיפול,9
והיא,9
עלולה,9
להוביל,9
לקהות,9
רגשית,9
כלפי,9
מצוקה,9
לירידה,9
ביכולת,9
להזדהות,9
עם,9
המטופלים,9
ולירידה,9
באיכות,9
הטיפול,9
הניתן,9
להם,9
מחקרים,10
רבים,10
באסופההשתרשות,10
של,10
חלופות,10
חינוכיות,10
ללא,10
התאמה,10
חומרית,10
ופדגוגית,10
מספקת,10
ובהם,10
אלו,10
של,10
גולדברג,10
ודישון,10
של,10
טובין,10
ולבון,10
של,10
ברקוביץ,10
ועמיתיה,10
וכן,10
של,10
שלו,10
ועמיתותיה,10
ושל,10
לסרי,10
ועמיתותיה,10
מתארים,10
בהרחבה,10
את,10
האתגרים,10
של,10
למידה,10
במתכונות,10
חלופיות,10
הוראה,10
מקוונת,10
מרכזי,10
חירום,10
או,10
מסגרות,10
זמניות,10
נתפסו,10
על,10
ידי,10
צוותי,10
הוראה,10
ותלמידים,10
כחלופות,10
הכרחיות,10
אך,10
לא,10
תמיד,10
כחלופות,10
מספקות,10
לעיתים,10
אף,10
עלה,10
תסכול,10
מחלופות,10
אלו,10
בדומה,10
לתחושות,10
שנמצאו,10
במחקרים,10
בארץ,10
ובעולם,10
בתגובה,10
להוראה,10
מקוונת,10
בתקופת,10
משבר,10
הקורונה,10
במחקרים,10
שכבר,10
הוזכרו,10
לעיל,10
תוארו,10
נסיעות,10
ארוכות,10
של,10
הצוותים,10
בין,10
מסגרות,10
חינוך,10
מפוזרות,10
ואף,10
מפוצלות,10
העדר,10
ציוד,10
בסיסי,10
להוראה,10
מחסור,10
במענים,10
דיפרנציאליים,10
שינויים,10
מרובים,10
ותכופים,10
בשגרה,10
ובצוותים,10
ותחושת,10
עמימות,10
שחשו,10
עובדי,10
הוראה,10
זאת,10
בזמן,10
שהם,10
עצמם,10
נדרשו,10
לייצר,10
שגרה,10
עבור,10
התלמידים,10
עלייה,10
שקשה,10
להתמודד,10
איתה,10
בצרכים,10
הרגשיים,10
של,10
תלמידים,10
של,10
בני,10
משפחותיהם,10
ושל,10
עובדי,10
בכמה,10
מהמחקרים,10
ביניהם,10
של,10
טטר,10
ועמיתותיו,10
של,10
מייזלס,10
ועמיתותיה,10
ושל,10
פסט,10
הוראה,10
ועמיתותיה,10
מודגש,10
כי,10
למרות,10
ההכרה,10
בצורך,10
במענה,10
רגשי,10
ולמרות,10
מאמצי,10
המשרד,10
לענות,10
על,10
צורך,10
זה,10
עלו,10
כלל,10
הצרכים,10
הללו,10
על,10
המענים,10
שניתנו,10
צוותי,10
חינוך,10
התמודדו,10
עם,10
מצוקות,10
רגשיות,10
של,10
תלמידים,10
ולעיתים,10
גם,10
של,10
משפחותיהם,10
מבלי,10
שהיו,10
להם,10
די,10
כלים,10
או,10
הכשרה,10
מותאמת,10
להתמודדות,10
כזו,10
פסט,10
ועמיתותיה,10
תיארו,10
את,10
הקושי,10
הייחודי,10
בבתי,10
ספר,10
דו,10
לאומיים,10
שבהם,10
מורות,10
חשו,10
שאין,10
להן,10
מענה,10
מתאים,10
להתמודדותן,10
עם,10
אתגרים,10
בין,10
תרבותיים,10
בכיתה,10
אתגרים,10
שהתחדדו,10
בעקבות,10
המלחמה,10
פגיעה,10
בבריאות,10
הנפשית,10
בטווח,10
הבינוני,10
ואפשרות,10
להתעצמות,10
הטראומה,10
והפוסט,10
טראומה,10
בקרב,10
מספר,10
מחקרים,10
הצביעו,10
על,10
הסיכון,10
הגבוה,10
לכך,10
שהמצוקה,10
קצרת,10
תלמיד,10
ים,10
ובקרב,10
עובדי,10
הוראה,10
הטווח,10
תהפוך,10
לבעיה,10
מתמשכת,10
במחקר,10
של,10
נחום,10
ועמיתותיה,10
נמצאו,10
ראיות,10
לפגיעה,10
בבריאות,10
נפשית,10
הן,10
מבחינת,10
רמה,10
של,10
התסמינים,10
והן,10
מבחינת,10
השכיחות,10
באופן,10
מיוחד,10
נמצאו,10
קשיים,10
רגשיים,10
והתנהגותיים,10
כגון,10
בעיות,10
חברתיות,10
והיפר,10
אקטיביות,10
אשר,10
לכל,10
הפחות,10
הכפילו,10
את,10
עצמן,10
שמונה,10
חודשים,10
לאחר,10
פרוץ,10
המלחמה,10
לסרי,10
ועמיתותיה,10
מצאו,10
סימנים,10
לתסמיני,10
פוסט,10
טראומה,10
אצל,10
עובדי,10
הוראה,10
ואצל,10
תלמידים,10
חודשים,10
לאחר,10
שפרצה,10
המלחמה,10
טטר,10
ועמיתותיו,10
שבחנו,10
יועצות,10
חינוכיות,10
תיארו,10
תחושות,10
של,10
שחיקה,10
מצטברת,10
תחושת,10
חוסר,10
מסוגלות,10
ותגובות,10
רגשיות,10
שליליות,10
שנמשכו,10
זמן,10
רב,10
תחושות,10
אלו,10
נצפו,10
גם,10
אצל,10
תלמידים,10
כפי,10
שתואר,10
במחקריהם,10
של,10
שרף,10
וכן,10
של,10
מלין,10
ועמיתיה,10
במחקרים,10
אלו,10
נצפתה,10
מצוקה,10
רגשית,10
גבוהה,10
המעידה,10
על,10
סיכון,10
להתפתחות,10
טראומה,10
בייחוד,10
במקרים,10
שבהם,10
לא,10
ניתנים,10
מענים,10
מתאימים,10
כלל,10
הממצאים,10
המוזכרים,10
מעידים,10
על,10
כך,10
שההתמודדות,10
המיידית,10
עם,10
איומים,10
ביטחוניים,10
מצטרפת,10
לפגיעות,10
רגשיות,10
ומבניות,10
מתמשכות,10
פגיעות,10
אלו,10
לא,10
נפתרות,10
בהכרח,10
עם,10
החזרה,10
הפורמלית,10
של,10
מוסדות,10
החינוך,10
לשגרה,10
במציאות,10
כזו,10
מתחדדים,10
הפערים,10
בין,10
מדיניות,10
חינוכית,10
לבין,10
האפשרות,10
ליישמה,10
וכן,10
בין,10
הצורך,10
האנושי,10
בעיבוד,10
הטראומה,10
לבין,10
המחויבות,10
לעמוד,10
בהוראות,10
ובקצב,10
שהמערכת,10
מכתיבה,10
אף,10
כי,10
סעיף,10
זה,10
התמקד,10
בהשפעות,10
קצרות,10
ובינוניות,10
טווח,10
שעלו,10
במחקרים,10
שבחנו,10
את,10
מערכת,10
החינוך,10
בטווח,10
זמן,10
קצר,10
יחסית,10
קיימים,10
סימנים,10
מדאיגים,10
לאפשרות,10
ההתמשכות,10
של,10
ההשלכות,10
שנמצאו,10
בחודשי,10
המלחמה,10
הראשונים,10
אוכלוסיות,10
הסיכון,10
המרכזיות,10
הן,10
תלמידים,10
שחוו,10
פינוי,10
מתמשך,10
חשיפה,10
לטראומה,10
או,10
נתק,10
ממסגרת,10
חינוכית,10
יציבה,10
וצוותי,10
חינוך,10
שדיווחו,10
על,10
תשישות,10
חמלה,10
מתמשכת,10
ועל,10
עומס,10
רגשי,10
מצטבר,10
כאמור,10
מרבית,10
המחקרים,10
הכלולים,10
באסופה,10
נאספו,10
בחודשים,10
הראשונים,10
למלחמה,10
ואינם,10
מספקים,10
מידע,10
ישיר,10
על,10
השפעותיה,10
ארוכות,10
הטווח,10
נכון,10
לזמן,10
כתיבת,10
שורות,10
אלה,10
נערכים,10
מחקרי,10
אורך,10
שמטרתם,10
לעקוב,10
אחר,10
תהליכים,10
אלו,10
ולהעמיק,10
את,10
ההבנה,10
בנוגע,10
להשלכות,10
החינוכיות,10
והנפשיות,10
המצטברות,10
וארוכות,10
הטווח,10
של,10
מצב,10
החירום,10
המתמשך,10
ואת,10
תפקידה,10
של,10
מערכת,10
החינוך,10
בהיערכות,10
לכך,10
משאבי,11
חוסן,11
אישיים,11
וחברתיים,11
היכולת,11
של,11
תלמידים,11
ושל,11
צוותי,11
הוראה,11
להתמודד,11
עם,11
מצבי,11
חירום,11
מתמשכים,11
אינה,11
תלויה,11
רק,11
בנסיבות,11
החיצוניות,11
אלא,11
במידה,11
רבה,11
גם,11
במשאביהם,11
הפנימיים,11
ובמשאבים,11
חיצוניים,11
העומדים,11
לרשותם,11
מחקרי,11
האסופה,11
ממפים,11
מגוון,11
רחב,11
של,11
משאבי,11
חוסן,11
ברמה,11
האישית,11
המחקרים,11
מציגים,11
משאבים,11
כמו,11
תחושת,11
מסוגלות,11
עצמית,11
חשיבה,11
אופטימית,11
וגמישות,11
מחשבתית,11
ברמה,11
החברתית,11
נבחנו,11
משאבים,11
כמו,11
תמיכה,11
מהסביבה,11
הקרובה,11
שייכות,11
למסגרות,11
חינוכיות,11
וקהילתיות,11
תומכות,11
ומעורבות,11
פעילה,11
בקהילה,11
חשוב,11
לציין,11
שהמשאבים,11
האישיים,11
אינם,11
מולדים,11
בלבד,11
וחלקם,11
ניתנים,11
לפיתוח,11
ולהעצמה,11
במסגרת,11
מערכת,11
החינוך,11
במקביל,11
לכך,11
עדכון,11
של,11
דרכי,11
ההתנהלות,11
במוסדות,11
החינוך,11
באופן,11
שכוון,11
יותר,11
לתמיכה,11
בצרכים,11
המקצועיים,11
והאחרים,11
של,11
צוותי,11
חינוך,11
עשוי,11
להשפיע,11
לטובה,11
על,11
רמת,11
משאבי,11
החוסן,11
האישיים,11
והחברתיים,11
של,11
נשות,11
ואנשי,11
הצוות,11
החינוכי,11
למשתנים,11
דמוגרפיים,11
שונים,11
כגון,11
גיל,11
ומגדר,11
מצב,11
משפחתי,11
ומקום,11
מגוריםמשתנים,11
דמוגרפיים,11
יש,11
השפעה,11
על,11
עוצמת,11
הפגיעה,11
ועל,11
היכולת,11
לגייס,11
תעצומות,11
חוסן,11
במחקר,11
של,11
גולוס,11
ועמיתותיה,11
ובמחקר,11
של,11
מלין,11
ועמיתיה,11
נמצא,11
כי,11
קרבה,11
גאוגרפית,11
לאירועי,11
הלחימה,11
או,11
תחושה,11
של,11
הפרט,11
שהוא,11
עצמו,11
או,11
משפחתו,11
נפגעו,11
משפיעות,11
על,11
תחושת,11
החוסן,11
של,11
תלמידים,11
ושל,11
עובדי,11
הוראה,11
מלין,11
ועמיתיה,11
וכן,11
טרינצ,11
ר,11
וארם,11
ציינו,11
משתנים,11
נוספים,11
כגון,11
ותק,11
מקצועי,11
משך,11
העבודה,11
במוסד,11
חינוכי,11
ועם,11
תלמידים,11
ספציפיים,11
כגורמים,11
הקשורים,11
להתמודדות,11
מיטבית,11
של,11
צוותי,11
הוראה,11
עם,11
כמה,11
מחקרים,11
כמו,11
זה,11
של,11
נחום,11
ועמיתותיה,11
מצאו,11
מתאם,11
בין,11
השתייכות,11
למגזר,11
מצבי,11
חירום,11
הדתי,11
לאומי,11
או,11
אמונה,11
דתית,11
ובין,11
רמות,11
גבוהות,11
יותר,11
של,11
שלומות,11
תחושת,11
מסוגלות,11
עצמית,11
בעיקר,11
בהיבט,11
המקצועי,11
חזרה,11
שוב,11
ושוב,11
כאחד,11
תחושת,11
מסוגלות,11
מגורמי,11
החוסן,11
המרכזיים,11
במחקר,11
של,11
טרינצ,11
ר,11
וארם,11
נמצא,11
כי,11
גננות,11
שחשו,11
ביטחון,11
ביכולתן,11
המקצועית,11
חשו,11
פחות,11
דחק,11
רמות,11
השלומות,11
שלהן,11
היו,11
גבוהות,11
יותר,11
והן,11
הפגינו,11
גם,11
יותר,11
התנהגויות,11
מיטיבות,11
כלפי,11
הילדים,11
גם,11
במחקר,11
של,11
מלין,11
ועמיתיה,11
נמצא,11
כי,11
מורים,11
שדיווחו,11
על,11
תחושת,11
מסוגלות,11
מקצועית,11
בתחילת,11
המשבר,11
הצליחו,11
לשמר,11
מצב,11
רגשי,11
יציב,11
יותר,11
לאורך,11
זמן,11
כלומר,11
תחושת,11
מסוגלות,11
עצמית,11
חיזקה,11
את,11
עמידותם,11
של,11
צוותי,11
חינוך,11
מול,11
עומס,11
רגשי,11
ותפקודי,11
אחד,11
הגורמים,11
לתחושת,11
מסוגלות,11
עצמית,11
הוא,11
מוכנות,11
כלומר,11
הכשרה,11
מתאימה,11
כפי,11
שעלה,11
למשל,11
במחקרים,11
של,11
טטר,11
ועמיתותיו,11
ושל,11
פסט,11
ועמיתותיה,11
בכמה,11
מחקרים,11
נמצא,11
כי,11
גישה,11
אופטימית,11
עמדה,11
חיובית,11
שלפיה,11
דברים,11
חשיבה,11
אופטימית,11
מסתדרים,11
בסופו,11
של,11
דבר,11
לטובה,11
תרמה,11
להפחתת,11
מצוקה,11
רגשית,11
ולחיזוק,11
תחושת,11
החוסן,11
טרינצ,11
ר,11
וארם,11
ציינו,11
את,11
האופטימיות,11
כחלק,11
מ,11
ההון,11
הפסיכולוגי,11
של,11
גננות,11
משתנה,11
שחזה,11
רמות,11
נמוכות,11
של,11
דחק,11
ורמות,11
גבוהות,11
של,11
תקווה,11
ציפייה,11
להשיג,11
מטרות,11
בעתיד,11
ומוטיבציה,11
להיאבק,11
עבורן,11
כאמור,11
משתנה,11
זה,11
גם,11
נמצא,11
קשור,11
לתפקוד,11
טוב,11
יותר,11
של,11
הגננות,11
עם,11
הילדים,11
גם,11
טטר,11
ועמיתותיו,11
הדגישו,11
כי,11
אימוץ,11
עמדות,11
חיוביות,11
כגון,11
הכרת,11
תודה,11
תקווה,11
ואמונה,11
בעתיד,11
סייעו,11
ליועצות,11
חינוכיות,11
להמשיך,11
לתפקד,11
במצבי,11
עומס,11
ומשבר,11
למרות,11
חשיפה,11
ישירה,11
ועקיפה,11
לטראומה,11
היכולת,11
לייחס,11
משמעות,11
אישית,11
או,11
מקצועית,11
לפעולה,11
חינוכית,11
בזמן,11
משבר,11
מציאת,11
משמעות,11
התגלתה,11
כמשאב,11
מגן,11
חשוב,11
במחקרה,11
של,11
שרף,11
מתבגרים,11
תיארו,11
כיצד,11
מצאו,11
משמעות,11
בעשייה,11
יומיומית,11
בהתנדבות,11
ובתרומה,11
לאחרים,11
מה,11
שסייע,11
להם,11
לשמור,11
על,11
תחושת,11
שליטה,11
במצב,11
במחקרה,11
של,11
גולדרט,11
התגלו,11
ממצאים,11
דומים,11
באשר,11
לתלמידים,11
שהשתתפו,11
בתוכניות,11
מנהיגות,11
בזמן,11
המשבר,11
גולוס,11
ועמיתותיה,11
מציינות,11
שגם,11
מציאת,11
משמעות,11
בפעילות,11
למידה,11
עשויה,11
לסייע,11
דווקא,11
השכלה,11
גבוהה,11
קשורה,11
לפי,11
המחקר,11
של,11
טרינצ,11
ר,11
וארם,11
לרמות,11
גבוהות,11
יותר,11
של,11
תחושת,11
דחק,11
למתבגרים,12
במחקרן,12
של,12
לסרי,12
ועמיתותיה,12
נמצא,12
שעובדי,12
הוראה,12
שחשו,12
שהצליחו,12
לתמוך,12
בתלמידים,12
גם,12
במצבים,12
קשים,12
חוו,12
רמות,12
נמוכות,12
יותר,12
של,12
שחיקה,12
ותשישות,12
חמלה,12
משום,12
שזיהו,12
שיש,12
לעבודתם,12
תרומה,12
ברורה,12
לתלמידים,12
יכולת,12
של,12
רפלקציה,12
ומסגור,12
מחדש,12
של,12
סיטואציה,12
מתוארים,12
ככלים,12
יעילים,12
חשיבה,12
גמישה,12
להתמודדות,12
עם,12
קשיים,12
רגשיים,12
במצבי,12
חירום,12
במחקר,12
של,12
לסרי,12
ועמיתותיה,12
נמצא,12
כי,12
עובדי,12
הוראה,12
ותלמידים,12
שערכו,12
מסגור,12
מחדש,12
של,12
המצב,12
הפגינו,12
רמות,12
נמוכות,12
יותר,12
של,12
חרדה,12
ודיכאון,12
הדגישו,12
את,12
היכולת,12
גם,12
ויינבך,12
ועמיתותיו,12
שבחנו,12
את,12
ההשפעה,12
של,12
אימון,12
בקבלה,12
רדיקלית,12
הקוגניטיבית,12
למסגר,12
מחדש,12
מצבים,12
של,12
חוסר,12
ודאות,12
כאמצעי,12
יעיל,12
לחיזוק,12
חוסן,12
רגשי,12
דניאל,12
ועמיתותיה,12
הראו,12
שבני,12
נוער,12
משתמשים,12
ברשת,12
החברתית,12
בין,12
היתר,12
כדי,12
למסגר,12
מחדש,12
מידע,12
באופן,12
חיובי,12
יותר,12
דבר,12
שמועיל,12
להתמודדותם,12
איתו,12
כמה,12
מחקרים,12
באסופה,12
מציגים,12
את,12
חשיבותה,12
הרבה,12
של,12
תמיכה,12
חברתית,12
מצדתמיכה,12
חברתית,12
חברים,12
משפחה,12
וקהילה,12
כגורם,12
חוסן,12
מובהק,12
במחקר,12
של,12
לסרי,12
ועמיתותיה,12
נמצא,12
שתמיכה,12
מהורים,12
מורים,12
וחברים,12
הייתה,12
במתאם,12
עם,12
רמות,12
נמוכות,12
יותר,12
של,12
מצוקה,12
נפשית,12
ועם,12
רמות,12
גבוהות,12
יותר,12
של,12
מעורבות,12
לימודית,12
של,12
תלמידים,12
במחקר,12
של,12
שרף,12
וכן,12
במחקרן,12
של,12
גולוס,12
ועמיתותיה,12
נמצא,12
שקשרים,12
טובים,12
וחזקים,12
עם,12
הסביבה,12
הקרובה,12
סייעו,12
לבני,12
נוער,12
להתמודד,12
עם,12
תחושת,12
אובדן,12
שליטה,12
ולחזור,12
לתפקוד,12
או,12
לשמר,12
רמות,12
חוסן,12
גבוהות,12
יחסית,12
מלכתחילה,12
דניאל,12
ועמיתותיה,12
הראו,12
שתמיכה,12
חברתית,12
כזו,12
זמינה,12
גם,12
ברשתות,12
החברתיות,12
בכל,12
המחקרים,12
המוזכרים,12
הייתה,12
התמיכה,12
החברתית,12
טמונה,12
גם,12
בעצם,12
ההקשבה,12
וההכרה,12
בקושי,12
ולא,12
רק,12
בסיוע,12
רגשי,12
תחושת,12
שייכות,12
למסגרת,12
הבית,12
ספרית,12
למשפחה,12
או,12
תחושת,12
שייכות,12
למסגרת,12
החינוכית,12
לקהילה,12
חזרה,12
בכמה,12
מחקרים,12
באסופה,12
בתור,12
גורם,12
מ,12
פתח,12
שנמצא,12
בידי,12
הקהילה,12
לחיזוק,12
החוסן,12
של,12
הפרט,12
במחקריהם,12
של,12
גולדברג,12
ודישון,12
ושל,12
טובין,12
ולבון,12
על,12
בתי,12
ספר,12
למפונים,12
נמצא,12
כי,12
יצירת,12
סדירויות,12
בית,12
ספריות,12
וקשר,12
אישי,12
בין,12
תלמידים,12
לבין,12
צוותי,12
הוראה,12
חיזקו,12
את,12
תחושת,12
השייכות,12
של,12
תלמידים,12
למסגרת,12
החינוכית,12
זאת,12
גם,12
במצבים,12
של,12
פינוי,12
מהבית,12
ושל,12
ניתוק,12
ממסגרת,12
החיים,12
הרגילה,12
תלמידים,12
שחוו,12
חיבור,12
רב,12
יותר,12
לבית,12
הספר,12
נטו,12
להציג,12
מוטיבציה,12
גבוהה,12
יותר,12
ללמידה,12
והתמודדו,12
טוב,12
יותר,12
עם,12
קשיים,12
רגשיים,12
במחקר,12
של,12
שלו,12
מבורך,12
ועמיתותיה,12
שבחן,12
מתבגרים,12
במרכזי,12
יחד,12
נמצא,12
שמחנכות,12
יכולות,12
לקדם,12
תחושת,12
שייכות,12
למסגרת,12
החינוכית,12
זאת,12
גם,12
כשהיה,12
מדובר,12
במסגרת,12
חדשה,12
או,12
במסגרת,12
חלופית,12
לתלמידים,12
מפונים,12
שלא,12
הצליחו,12
להשתלב,12
בבתי,12
ספר,12
אחרים,12
נמצא,12
מתאם,12
בין,12
תחושת,12
שייכות,12
זו,12
למעורבות,12
רבה,12
יותר,12
בלמידה,12
גם,12
בקרב,12
תלמידים,12
עם,12
לקויות,12
למידה,12
המחקר,12
של,12
גולדרט,12
ועמיתיה,12
מצא,12
כי,12
בני,12
נוער,12
השתתפות,12
במסגרות,12
של,12
חינוך,12
בלתי,12
פורמלי,12
שהשתתפו,12
בתוכניות,12
מנהיגות,12
במסגרת,12
חינוך,12
א,12
פורמלית,12
גילו,12
רמות,12
חוסן,12
גבוהות,12
יותר,12
לעומת,12
אלו,12
שלא,12
השתתפו,12
בתוכניות,12
כאלה,12
הפעילויות,12
הא,12
פורמליות,12
חיזקו,12
את,12
תחושת,12
השייכות,12
העניקו,12
כלים,12
לוויסות,12
רגשי,12
וליצירת,12
משמעות,12
ועודדו,12
תחושת,12
אחריות,12
אישית,12
וחברתית,12
החוקרים,12
מציינים,12
כי,12
עצם,12
השייכות,12
למסגרת,12
שמקדמת,12
ערכים,12
ופעולה,12
תורמת,12
שימשה,12
כעוגן,12
בזמן,12
חירום,12
במיוחד,12
עבור,12
בני,12
נוער,12
שפונו,12
במחקרה,12
מצאה,12
שרף,12
שמתבגרים,12
שהשתתפו,12
בפעילויות,12
התנדבות,12
תרומה,12
לקהילה,12
וליחידים,12
חוו,12
תחושה,12
של,12
שליטה,12
מוגברת,12
בחייהם,12
המעורבות,12
בקהילה,12
לא,12
רק,12
סייעה,12
להפחתת,12
מצוקה,12
אלא,12
גם,12
עודדה,12
תחושת,12
מסוגלות,12
ומשמעות,12
המשמעות,12
היא,12
שהתנהגות,12
אלטרואיסטית,12
במיוחד,12
קבלה,12
רדיקלית,12
היא,12
עיקרון,12
פסיכולוגי,12
שמשמעותו,12
לקבל,12
באופן,12
מלא,12
ומוחלט,12
את,12
המציאות,12
כפי,12
שהיא,12
בלי,12
להתנגד,12
לשפוט,12
או,12
להילחם,12
במה,12
שקרה,12
וזאת,12
במטרה,12
למנוע,12
סבל,12
נפשי,12
מיותר,12
בתקופות,13
של,13
חוסר,13
ודאות,13
עשויה,13
לחזק,13
את,13
השלומות,13
של,13
הפרט,13
ולחבר,13
אותו,13
מחדש,13
למעגלים,13
חברתיים,13
תומכים,13
בדומה,13
לכך,13
מלין,13
ועמיתותיה,13
מצאו,13
כי,13
לא,13
רק,13
מי,13
שקיבל,13
תמיכה,13
חברתית,13
במדיה,13
החברתית,13
אלא,13
גם,13
מי,13
שהעניק,13
אותה,13
דיווח,13
על,13
שלומות,13
גבוהה,13
יותר,13
ממי,13
שלא,13
עשה,13
זאת,13
במחקרם,13
של,13
ברקוביץ,13
ועמיתיה,13
נמצא,13
תקשורת,13
פתוחה,13
ושיתוף,13
פעולה,13
בין,13
בית,13
הספר,13
להורים,13
כי,13
תקשורת,13
פתוחה,13
ורציפה,13
וכן,13
שקיפות,13
בין,13
צוותי,13
הוראה,13
להורים,13
הן,13
תנאים,13
חיוניים,13
לחיזוק,13
חוסן,13
הן,13
של,13
התלמידים,13
הן,13
של,13
המבוגרים,13
המלווים,13
אותם,13
כאשר,13
ההורים,13
הרגישו,13
שותפים,13
לתהליך,13
החינוכי,13
וכשהתקיים,13
תיאום,13
בין,13
חינוך,13
התלמידים,13
בבית,13
לחינוכם,13
במוסד,13
החינוכי,13
תחושות,13
השליטה,13
והאמון,13
גברו,13
אצל,13
כל,13
הצדדים,13
המעורבים,13
מעבר,13
לקיומם,13
של,13
משאבי,13
חוסן,13
מגוונים,13
נמצא,13
ששילוב,13
בין,13
משאבי,13
חוסן,13
אישיים,13
וחברתיים,13
יוצר,13
בסיס,13
לחיזוק,13
תחושת,13
החוסן,13
לאורך,13
זמן,13
כמו,13
כן,13
עצם,13
קיומם,13
של,13
מגוון,13
כלים,13
להתמודדות,13
מרחיב,13
את,13
יכולת,13
ההתמודדות,13
ומוביל,13
לתפקוד,13
גבוה,13
יותר,13
ריבוי,13
משאבי,13
החוסן,13
מאפשר,13
לתלמידים,13
ולעובדי,13
הוראה,13
להתמודד,13
עם,13
המשבר,13
מבחינה,13
רגשית,13
לתפקד,13
היטב,13
ולעיתים,13
אף,13
לשגשג,13
כפי,13
שראינו,13
מחקרי,13
האסופה,13
מראים,13
שקיים,13
מגוון,13
של,13
משאבי,13
חוסן,13
כאלו,13
וכפי,13
שיוצג,13
להלן,13
ישנו,13
גם,13
מגוון,13
של,13
כלים,13
לתמוך,13
בחוסן,13
ולטפח,13
את,13
משאבי,13
החוסן,13
פעולות,13
וכלים,13
לחיזוק,13
החוסן,13
לאורך,13
זמן,13
חיזוק,13
חוסן,13
רגשי,13
חברתי,13
ומערכתי,13
במסגרת,13
מערכת,13
החינוך,13
אינו,13
מתמצה,13
בזיהוי,13
הקשיים,13
על,13
פי,13
מחקרי,13
האסופה,13
רצוי,13
שהוא,13
יכלול,13
גם,13
פעולה,13
יזומה,13
ומתמשכת,13
ברמת,13
המוסד,13
החינוכי,13
וברמת,13
המערכת,13
כולה,13
משרד,13
החינוך,13
מודע,13
לכך,13
כמובן,13
ופועל,13
בעניין,13
מחקרי,13
האסופה,13
מציעים,13
מגוון,13
כלים,13
והתערבויות,13
מעשיים,13
נוספים,13
על,13
אלו,13
שמשתמשים,13
בהם,13
במערכת,13
החינוך,13
כבר,13
היום,13
חלק,13
מכלים,13
אלו,13
כבר,13
נבחנו,13
במסגרת,13
ניסויית,13
ונמצאו,13
יעילים,13
הם,13
פונים,13
הן,13
לפרטים,13
תלמידים,13
עובדי,13
הוראה,13
והורים,13
והן,13
לרמה,13
הארגונית,13
בתי,13
הספר,13
ודרגי,13
הניהול,13
של,13
המערכת,13
מטרתם,13
אינה,13
רק,13
להתמודד,13
עם,13
תקופות,13
משבר,13
אלא,13
גם,13
לבנות,13
תשתית,13
של,13
חוסן,13
מתמשך,13
תחילה,13
נציג,13
כאן,13
דוגמאות,13
להתערבויות,13
שנועדו,13
לחזק,13
את,13
החוסן,13
של,13
פרטים,13
במערכת,13
החינוך,13
על,13
ידי,13
כלים,13
מעולם,13
ההוראה,13
הרגשית,13
חברתית,13
או,13
מעולם,13
המיינדפולנס,13
שנית,13
נבחן,13
כלים,13
לחיזוק,13
חוסן,13
של,13
קהילות,13
חינוך,13
על,13
ידי,13
הכשרה,13
מתאימה,13
ופיתוח,13
של,13
קשרים,13
חברתיים,13
ושל,13
פעילויות,13
חברתיות,13
תומכות,13
מחקריהם,13
של,13
ויינבך,13
ועמיתותיו,13
וכן,13
הקניית,13
כלים,13
לוויסות,13
רגשי,13
בקרב,13
תלמידים,13
וצוותי,13
חינוך,13
מחקרן,13
של,13
לסרי,13
ועמיתותיה,13
הראו,13
שהתערבויות,13
קצרות,13
וממוקדות,13
להקניית,13
כלים,13
לוויסות,13
רגשי,13
נמצאו,13
יעילות,13
במיוחד,13
בהתמודדות,13
עם,13
מצבי,13
חרדה,13
דיכאון,13
ומתח,13
בקרב,13
תלמידים,13
וצוותי,13
הוראה,13
כאחד,13
בין,13
הכלים,13
שהצלחתם,13
הוכחה,13
היו,13
אימון,13
מקוון,13
בוויסות,13
רגשי,13
ובקבלה,13
רדיקלית,13
וכן,13
תרגול,13
רפלקטיבי,13
מקוון,13
בסגנון,13
של,13
מכתב,13
לעזרה,13
עצמית,13
התערבויות,13
אלו,13
הראו,13
תוצאות,13
חיוביות,13
בטווח,13
זמן,13
מיידי,13
ואף,13
מעבר,13
לכך,13
מחקרן,13
של,13
מייזלס,13
ועמיתותיה,13
וכן,13
המחקר,13
של,13
לסרי,13
ועמיתותיה,13
מדגישים,13
אימון,13
בחמלה,13
עצמית,13
את,13
חשיבותה,13
של,13
חמלה,13
עצמית,13
בתור,13
מיומנות,13
חיונית,13
לחיזוק,13
החוסן,13
הרגשי,13
של,13
צוותי,13
חינוך,13
ושל,13
סדנאות,13
ממוקדות,13
של,13
אימון,13
בחמלה,13
עצמית,13
ובמיינדפולנס,13
תלמידים,13
בתקופות,13
חירום,13
מתמשכות,13
חמלה,13
עצמית,13
מוגדרת,13
כיכולת,13
של,13
הפרט,13
לנהוג,13
בטו,13
ב,13
לב,13
כלפי,13
עצמו,13
בעת,13
התמודדות,13
עם,13
קושי,13
להכיר,13
בכך,13
שהסבל,13
משותף,13
לכולם,13
ולהימנע,13
משיפוט,13
ומביקורת,13
עצמיים,13
חמלה,13
עצמית,13
קשורה,13
לבריאות,13
נפשית,13
הביאו,14
לשיפור,14
ברור,14
ברמת,14
החוסן,14
ובתחושת,14
השלומות,14
לצד,14
הפחתה,14
ניכרת,14
בתסמינים,14
של,14
שחיקה,14
תשישות,14
ופגיעה,14
רגשית,14
מחקרם,14
של,14
גולדברג,14
ודישון,14
מחקרן,14
של,14
שילוב,14
תוכניות,14
ללמידה,14
רגשית,14
חברתית,14
בבתי,14
הספר,14
טובין,14
ולבון,14
וכן,14
מחקרן,14
של,14
כהן,14
וקולושי,14
מינסקר,14
מצביעים,14
על,14
כך,14
שתוכניות,14
למידה,14
רגשית,14
המשולבות,14
בשגרת,14
היומיום,14
בבית,14
הספר,14
הן,14
כלי,14
יעיל,14
לחיזוק,14
חוסן,14
רגשי,14
בקרב,14
SELחברתית,14
תלמידים,14
וצוותי,14
הוראה,14
כאחד,14
תוכניות,14
אלו,14
מסייעות,14
בפיתוח,14
מיומנויות,14
חשובות,14
כגון,14
ויסות,14
רגשות,14
וניהול,14
עצמי,14
אמפתיה,14
תקשורת,14
בין,14
אישית,14
ופתרון,14
בעיות,14
וקבלת,14
החלטות,14
באופן,14
אחראי,14
ובצורה,14
יעילה,14
וממוקדת,14
מלין,14
ועמיתיה,14
בן,14
ארי,14
ועמיתותיה,14
וכן,14
טטר,14
מתן,14
תמיכה,14
נפשית,14
מותאמת,14
אישית,14
וקבוצתית,14
ועמיתותיו,14
מצביעים,14
כולם,14
במחקריהם,14
על,14
הזמינות,14
של,14
תמיכה,14
נפשית,14
פרטנית,14
וקבוצתית,14
בתור,14
מרכיב,14
חיוני,14
בהתמודדות,14
עם,14
קשיים,14
רגשיים,14
המתעוררים,14
בתקופות,14
משבר,14
תמיכה,14
זו,14
יכולה,14
להתבטא,14
בליווי,14
אישי,14
מצד,14
גורמי,14
מקצוע,14
כגון,14
יועצים,14
ופסיכולוגים,14
ובקבוצות,14
תמיכה,14
המונחות,14
על,14
ידי,14
אנשי,14
מקצוע,14
או,14
עמיתים,14
מנוסים,14
מחקריהם,14
של,14
טטר,14
ועמיתותיו,14
ושל,14
בן,14
ארי,14
ועמיתותיההגדלת,14
משאבי,14
ייעוץ,14
וטיפול,14
בבתי,14
הספר,14
מצביעים,14
על,14
צורך,14
בהרחבת,14
שירותי,14
התמיכה,14
הרגשית,14
במוסדות,14
החינוך,14
בעת,14
משבר,14
מתמשך,14
יועצות,14
חינוכיות,14
ואנשי,14
טיפול,14
תיארו,14
עומס,14
ניכר,14
חוסר,14
במשאבים,14
ותלות,14
רבה,14
בחוסן,14
האישי,14
שלהן,14
על,14
רקע,14
תמיכה,14
מערכתית,14
מוגבלת,14
הרחבה,14
של,14
מערך,14
היועצות,14
והפסיכולוגיות,14
והרחבה,14
של,14
הזמינות,14
ושל,14
תחומי,14
המומחיות,14
הוצגו,14
על,14
ידי,14
החוקרים,14
בתור,14
תנאי,14
חיוני,14
ליצירת,14
מענים,14
רגשיים,14
יעילים,14
לכלל,14
קהילת,14
המוסד,14
החינוכי,14
בשעת,14
משבר,14
מחקרים,14
שונים,14
ובהם,14
של,14
הכשרה,14
והדרכה,14
לצוותי,14
חינוך,14
לזיהוי,14
מצוקה,14
ולמתן,14
תמיכה,14
ראשונית,14
פסט,14
ועמיתותיה,14
ושל,14
מייזלס,14
ועמיתותיה,14
מדגישים,14
את,14
הפער,14
בין,14
הצרכים,14
הרגשיים,14
של,14
תלמידים,14
בזמן,14
חירום,14
לבין,14
ההכשרה,14
של,14
צוותי,14
ההוראה,14
לזהות,14
מצוקה,14
ולתת,14
מענה,14
ראשוני,14
מורות,14
ומורים,14
התמודדו,14
עם,14
מצבים,14
טעונים,14
רגשית,14
ותרבותית,14
ללא,14
הכשרה,14
מספקת,14
מה,14
שיצר,14
אצלם,14
תחושות,14
של,14
בלבול,14
חוסר,14
אונים,14
ותסכול,14
החוקרות,14
והחוקרים,14
המצוטטים,14
הציעו,14
שהדרכה,14
מקצועית,14
הממוקדת,14
בנושאים,14
של,14
טראומה,14
ויסות,14
רגשי,14
ושיח,14
רגיש,14
תרבותית,14
עשויה,14
לחזק,14
את,14
תחושת,14
המסוגלות,14
העצמית,14
של,14
עובדי,14
ההוראה,14
ולשפר,14
את,14
המענה,14
שהם,14
מעניקים,14
לפי,14
מחקריהם,14
של,14
מלין,14
פיתוח,14
מערכות,14
תמיכה,14
מותאמות,14
למצבי,14
משבר,14
עבור,14
צוותי,14
חינוך,14
ועמיתיה,14
ושל,14
טטר,14
ועמיתותיו,14
הצוותים,14
החינוכיים,14
נדרשים,14
למערכות,14
תמיכה,14
מותאמות,14
שיבטיחו,14
להם,14
גיבוי,14
מקצועי,14
של,14
המערכת,14
וסיוע,14
רגשי,14
בעיתות,14
משבר,14
מורות,14
ומורים,14
דיווחו,14
על,14
תחושת,14
בדידות,14
מקצועית,14
על,14
חוסר,14
ודאות,14
ועל,14
שחיקה,14
גוברת,14
במיוחד,14
כאשר,14
הופקדו,14
על,14
תיווך,14
משברים,14
לתלמידים,14
מבלי,14
שקיבלו,14
לתפיסתם,14
ליווי,14
מערכתי,14
מספק,14
לפיכך,14
הקמת,14
מערכים,14
של,14
תמיכה,14
הדדית,14
בתוך,14
מוסדות,14
חינוך,14
ובהם,14
ארגון,14
קבוצות,14
שיח,14
של,14
עובדי,14
הוראה,14
וקווי,14
תמיכה,14
מקצועיים,14
יכולה,14
לסייע,14
לצמצום,14
תחושת,14
העומס,14
הרגשי,14
ולחזק,14
חוסן,14
אישי,14
וצוותי,14
במחקר,14
של,14
קטקו,14
איילי,14
ועמיתיה,14
הודגשה,14
החשיבות,14
של,14
קידום,14
פדגוגיה,14
המותאמת,14
למשבר,14
מנהיגות,14
פדגוגית,14
הרואה,14
במשבר,14
הזדמנות,14
לקידום,14
לימוד,14
של,14
ערכים,14
חוקרים,14
אלה,14
הציעו,14
לשלב,14
בין,14
הכרה,14
ברגשות,14
הרחבת,14
ידע,14
ויצירת,14
מרחב,14
פתוח,14
לשיח,14
ביקורתי,14
במסגרת,14
פדגוגית,14
של,14
חינוך,14
יש,14
לציין,14
שגם,14
ממחקרן,14
של,14
טרינצ,14
ר,14
וארם,14
עולה,14
שהדרכה,14
מוקדמת,14
של,14
גננות,14
על,14
עקרונות,14
של,14
התנהגות,14
מיטיבה,14
שיש,14
להם,14
בחינוך,14
יכולה,14
לתרום,14
לתפקודן,14
של,14
הגננות,14
ולכן,14
גם,14
לתפקוד,14
הילדים,14
עצמם,14
ההמלצה,14
של,14
החוקרותSELקשר,14
לשילוב,14
של,14
היא,14
לתת,14
התנסויות,14
מודרכות,14
ומשוב,14
בונה,14
כעוגן,14
מרכזי,14
לתחושות,14
תקווה,14
ושלומות,14
וכן,14
ליצור,14
מערך,14
הדרכות,14
קצרות,14
להגברת,14
המסוגלות,14
התעסוקתית,14
של,14
הגננות,14
יש,14
לציין,14
שהמחקר,14
עצמו,14
לא,14
התמקד,14
בהתערבויות,14
כאלו,14
פוליטי,15
בגישה,15
זו,15
מנהיגות,15
בית,15
הספר,15
נתפסת,15
כגורם,15
שמתווך,15
בין,15
אתגרי,15
התקופה,15
לבין,15
צורכי,15
השטח,15
ומסייעת,15
לצוות,15
ההוראה,15
ליצור,15
מסגרת,15
חינוכית,15
יציבה,15
ומעצימה,15
מבחינה,15
רגשית,15
ואזרחית,15
עבור,15
התלמידים,15
המחקר,15
של,15
גולדרט,15
ועמיתיה,15
ומחקרה,15
של,15
שרף,15
עידוד,15
מעורבות,15
חברתית,15
ואזרחית,15
בקרב,15
תלמידים,15
מצביעים,15
על,15
תרומתה,15
הברורה,15
של,15
השתתפות,15
תלמידים,15
בפעילויות,15
חברתיות,15
וקהילתיות,15
לחיזוק,15
החוסן,15
פעילויות,15
כמו,15
התנדבות,15
השתתפות,15
בתנועות,15
נוער,15
ויוזמות,15
עצמאיות,15
סייעו,15
לתלמידים,15
לפתח,15
תחושת,15
שליטה,15
במצב,15
לחוש,15
שיש,15
משמעות,15
במעשיהם,15
ולכן,15
גם,15
לחוש,15
שייכות,15
לסביבתם,15
כפי,15
שהוזכר,15
לעיל,15
מדובר,15
במשאבים,15
חיוניים,15
לשלומות,15
במצבי,15
חירום,15
לכן,15
חשוב,15
לעודד,15
ולטפח,15
מעורבות,15
אזרחית,15
כחלק,15
מהיומיום,15
החינוכי,15
ולא,15
רק,15
בשעת,15
חירום,15
במחקרם,15
של,15
ברקוביץ,15
ועמיתיה,15
נמצא,15
חיזוק,15
הקשר,15
ושיתוף,15
הפעולה,15
בין,15
בתי,15
הספר,15
להורים,15
שהורים,15
וצוותים,15
חינוכיים,15
חוו,15
תסכול,15
הדדי,15
נוכח,15
תקשורת,15
לקויה,15
וחוסר,15
תיאום,15
ציפיות,15
בזמן,15
משבר,15
ההורים,15
ציפו,15
שהצוות,15
ישמור,15
איתם,15
על,15
קשר,15
פתוח,15
פעיל,15
ורציף,15
זאת,15
כדי,15
שיוכלו,15
לקבל,15
מידע,15
על,15
ילדיהם,15
בזמן,15
אמת,15
לדבריהם,15
לו,15
היה,15
נוצר,15
קשר,15
כזה,15
הייתה,15
תחושת,15
האמון,15
שלהם,15
גוברת,15
ועימה,15
גם,15
שיתוף,15
הפעולה,15
בין,15
ההורים,15
לבית,15
הספר,15
הצוותים,15
מצידם,15
חשו,15
תשישות,15
ותסכול,15
עקב,15
מה,15
שחוו,15
כחוסר,15
בתמיכה,15
מוסדית,15
מספקת,15
על,15
פי,15
החוקרים,15
ממצאים,15
אלו,15
מרמזים,15
שיצירת,15
מנגנונים,15
קבועים,15
לשיח,15
עם,15
הורים,15
תוך,15
דגש,15
על,15
שקיפות,15
ועל,15
שיתוף,15
בהחלטות,15
עשויה,15
לסייע,15
לבניית,15
אמון,15
הדדי,15
ולתפקוד,15
טוב,15
יותר,15
של,15
כל,15
קהילת,15
בית,15
הספר,15
מחקריהם,15
של,15
בן,15
ארי,15
ועמיתותיה,15
ושל,15
טטר,15
ועמיתותיו,15
יצירת,15
קהילות,15
תמיכה,15
לעובדי,15
הוראה,15
מראים,15
כי,15
קהילות,15
תמיכה,15
רשמיות,15
ובלתי,15
רשמיות,15
ממלאות,15
תפקיד,15
חשוב,15
בהפחתת,15
תחושת,15
בדידות,15
ובחיזוק,15
החוסן,15
של,15
מבוגרים,15
בזמן,15
חירום,15
מורות,15
ומורים,15
שהיו,15
חלק,15
מקבוצות,15
תמיכה,15
פורמליות,15
או,15
אחרות,15
תפקדו,15
טוב,15
יותר,15
וחוו,15
פחות,15
שחיקה,15
בהשוואה,15
לשאר,15
עובדי,15
ההוראה,15
מכאן,15
עולה,15
צורך,15
שמערכות,15
החינוך,15
והקהילה,15
יאפשרו,15
וילוו,15
את,15
ההקמה,15
של,15
מסגרות,15
אלו,15
ויתמכו,15
בתחזוקה,15
שלהן,15
בכמה,15
מהמחקרים,15
למשל,15
של,15
תמיכה,15
מערכתית,15
לצוותי,15
חינוך,15
הכרה,15
הערכה,15
ומתן,15
משאבים,15
מלין,15
ועמיתיה,15
ושל,15
מייזלס,15
ועמיתותיה,15
עולה,15
כי,15
תחושות,15
של,15
הכרה,15
ושל,15
הערכה,15
מצד,15
המערכת,15
תורמות,15
לשלומות,15
של,15
מורות,15
ומורים,15
וליכולתם,15
להתמיד,15
בפעולה,15
במצבי,15
חירום,15
כאשר,15
הצוות,15
חש,15
שהנהלת,15
בית,15
הספר,15
והממסד,15
החינוכי,15
מכירים,15
בקושי,15
מספקים,15
תמיכה,15
רגשית,15
לוגיסטית,15
ומשאבים,15
מותאמים,15
תחושת,15
החוסן,15
עולה,15
והשחיקה,15
פוחתת,15
לכן,15
נטען,15
שתמיכה,15
זו,15
אינה,15
תוספת,15
מבורכת,15
לבית,15
הספר,15
אלא,15
תנאי,15
הכרחי,15
לתפקודו,15
התקין,15
בשעת,15
חירום,15
מגוון,15
הכלים,15
שהוצגו,15
כאן,15
מצביע,15
על,15
כך,15
שחוסן,15
הוא,15
מיומנות,15
נרכשת,15
הניתנת,15
לפיתוח,15
ולחיזוק,15
בכל,15
רמות,15
המערכת,15
האישית,15
הכיתתית,15
המוסדית,15
והצוותית,15
וכן,15
המערכתית,15
שילוב,15
בין,15
מענים,15
רגשיים,15
פרטניים,15
מנהיגות,15
חינוכית,15
מכילה,15
ותמיכה,15
מערכתית,15
מותאמת,15
יוכל,15
להבטיח,15
שהתמודדות,15
עם,15
משברים,15
תהיה,15
מיטבית,15
אולם,15
כדי,15
שהדבר,15
יקרום,15
עור,15
וגידים,15
יש,15
להכיר,15
בפעולות,15
ובכלים,15
אלו,15
לא,15
כפתרונות,15
זמניים,15
ונקודתיים,15
בלבד,15
אלא,15
כחלק,15
אינטגרלי,15
ונחוץ,15
השזור,15
בשגרות,15
העבודה,15
של,15
מערכת,15
השרויה,15
בחירום,15
מתמשך,15
ולפעול,15
ליישמם,15
במסגרת,15
מדיניות,15
חינוכית,15
ארוכת,15
טווח,15
לסיכום,15
מחקרי,15
האסופה,15
מציגים,15
תמונה,15
מדאיגה,15
של,15
קשיים,15
ואתגרים,15
שנוצרו,15
בעקבות,15
מצב,15
החירום,15
המתמשך,15
אולם,15
במקביל,15
לכך,15
הם,15
מצביעים,15
גם,15
על,15
פוטנציאל,15
ברור,15
לצמיחה,15
ללמידה,15
ולחיזוק,15
המערכת,15
כתוצאה,15
מהתמודדות,15
נכונה,15
עם,15
המצב,15
המשברי,15
דוגמה,15
אחת,15
לכך,15
היא,15
של,15
בני,15
נוער,15
שהשתתפו,15
בפעילויות,15
קהילתיות,15
והתנדבותיות,15
ופיתחו,15
באמצעותן,15
משמעות,15
ושייכות,15
דוגמה,15
שנייה,15
היא,15
של,15
צוותי,15
החינוך,15
שהתמודדות,15
עם,15
מציאות,15
משברית,15
בשילוב,15
כלים,15
מתאימים,15
סייעה,15
להם,15
לפתח,15
מיומנויות,15
רגשיות,15
וחברתיות,15
חדשות,15
התובנה,16
המרכזית,16
שעולה,16
גם,16
ממסמך,16
זה,16
וגם,16
ממסמך,16
תשתית,16
הידע,16
היא,16
שמערכת,16
חינוך,16
הפועלת,16
לזיהוי,16
של,16
הלקחים,16
מהמצב,16
המשברי,16
מקדמת,16
מדיניות,16
המאפשרת,16
את,16
מימושם,16
של,16
לקחים,16
אלו,16
ומפנה,16
את,16
משאביה,16
באופן,16
מתמשך,16
לא,16
רק,16
לשיקום,16
נזקי,16
המשבר,16
אלא,16
גם,16
לחיזוק,16
ארוך,16
טווח,16
של,16
מיומנויות,16
אישיות,16
ומקצועיות,16
במוסדות,16
החינוך,16
ובכלל,16
המערכת,16
גם,16
בשגרה,16
תצליח,16
להתגבר,16
על,16
האתגרים,16
שחירום,16
מתמשך,16
מזמן,16
לה,16
ותוכל,16
אף,16
לצמוח,16
ולהשתפר,16
בעקבות,16
המשבר,16
ד,17
לאחר,17
הצגה,17
כללית,17
של,17
מטרות,17
האסופה,17
ושל,17
הממצאים,17
העולים,17
מהמחקרים,17
בה,17
נעבור,17
למחקרים,17
עצמם,17
מחקרים,17
אלו,17
עוסקים,17
כאמור,17
בהשלכות,17
המלחמה,17
על,17
החינוך,17
הממלכתי,17
העברי,17
ועל,17
החינוך,17
הממלכתי,17
הדתי,17
רובם,17
הגדול,17
עוסק,17
בחינוך,17
העל,17
יסודי,17
ובעיקר,17
בחטיבות,17
הביניים,17
יותר,17
ממחצית,17
המחקרים,17
עוסקים,17
בתלמידים,17
והשאר,17
עוסקים,17
בעובדי,17
הוראה,17
ולעיתים,17
גם,17
בהורים,17
בחלק,17
הראשון,17
באסופה,17
משולבים,17
מחקרים,17
שמתארים,17
את,17
תמונת,17
המצב,17
בשדה,17
החינוך,17
עם,17
פרוץ,17
המלחמה,17
וכן,17
כעבור,17
שלושה,17
עד,17
שמונה,17
חודשים,17
מתחילתה,17
בחלקה,17
השני,17
של,17
האסופה,17
שולבו,17
מחקרים,17
שממוקדים,17
במשאבי,17
החוסן,17
של,17
תלמידים,17
ושל,17
עובדי,17
הוראה,17
החל,17
בפרוץ,17
המלחמה,17
וכלה,17
בסוף,17
שנת,17
הלימודים,17
תשפ,17
ד,17
בחלק,17
השלישי,17
של,17
האסופה,17
ישנם,17
מחקרים,17
שעיסוקם,17
בכלים,17
לפיתוח,17
החוסן,17
של,17
תלמידים,17
ושל,17
עובדי,17
הוראה,17
הכוונה,17
כאן,17
היא,17
לכלים,17
שנבחנו,17
לאורך,17
שנת,17
הלימודים,17
תשפ,17
ד,17
וכן,17
לכלים,17
עתידיים,17
שמוצעים,17
בעקבות,17
המלחמה,17
והמשבר,17
המתמשך,17
חלק,17
ראשון,17
תמונת,17
מצב,17
מערכת,17
החינוך,17
בשעת,17
חירום,17
המאמרים,17
הכלולים,17
בחלק,17
זה,17
מתארים,17
את,17
ההשלכות,17
המיידיות,17
של,17
המלחמה,17
על,17
תלמידים,17
על,17
מורים,17
ועל,17
מוסדות,17
חינוך,17
בכלל,17
המערכת,17
שיבושים,17
גדולים,17
של,17
השגרה,17
החינוכית,17
חוסר,17
ודאות,17
מתמשך,17
ומצוקה,17
נרחבת,17
של,17
תלמידים,17
של,17
עובדי,17
הוראה,17
ושל,17
הורים,17
נתונים,17
שנאספו,17
ושמוצגים,17
בחלק,17
זה,17
מצביעים,17
על,17
עלייה,17
חדה,17
ברמות,17
החרדה,17
העצב,17
והבדידות,17
בקרב,17
תלמידים,17
לצד,17
פגיעה,17
ביחסים,17
החברתיים,17
המתקיימים,17
ביניהם,17
מהמאמרים,17
עולה,17
כי,17
תלמידים,17
רבים,17
התקשו,17
להתמקד,17
בלמידה,17
ודיווחו,17
על,17
שמירת,17
קשר,17
חלקית,17
בלבד,17
עם,17
צוותי,17
חינוך,17
התחושות,17
הקשות,17
ביותר,17
היו,17
של,17
מי,17
שפונו,17
מבתיהם,17
או,17
שחיים,17
באזורים,17
שנפגעו,17
ישירות,17
עם,17
זאת,17
קיימים,17
שלל,17
גורמים,17
שהובילו,17
לפגיעות,17
בתלמידים,17
מכל,17
שכבות,17
האוכלוסייה,17
ומכל,17
האזורים,17
הגאוגרפיים,17
בישראל,17
בין,17
גורמים,17
אלו,17
ניתן,17
למנות,17
חשיפה,17
גבוהה,17
לתכנים,17
קשים,17
במדיה,17
החברתית,17
כגון,17
סרטונים,17
שפרסם,17
חמאס,17
או,17
עימותים,17
פוליטיים,17
הכוללים,17
שפה,17
אלימה,17
היכרות,17
עם,17
מי,17
שנפגעו,17
ישירות,17
חרדות,17
בשל,17
גיוס,17
של,17
קרובי,17
משפחה,17
והיעדר,17
תחושת,17
שליטה,17
במקביל,17
לכך,17
גם,17
בצוותי,17
ההוראה,17
בכל,17
רמות,17
הגיל,17
ניכרו,17
קשיים,17
רגשיים,17
חברתיים,17
ותפקודיים,17
עובדות,17
ועובדי,17
הוראה,17
חוו,17
מאז,17
פרוץ,17
המלחמה,17
מצוקה,17
רגשית,17
ניכרת,17
ותחושת,17
בדידות,17
הם,17
דיווחו,17
על,17
עומס,17
רגשי,17
הנובע,17
מהצורך,17
להכיל,17
תלמידים,17
ולקיים,17
שגרה,17
בעוד,17
הם,17
עצמם,17
מתמודדים,17
עם,17
חרדות,17
ודאגות,17
משלהם,17
ואף,17
עם,17
חוסר,17
יציבות,17
מקצועית,17
נמצא,17
גם,17
שהפער,17
בין,17
הציפיות,17
של,17
הורים,17
של,17
תלמידים,17
ושל,17
מערכת,17
החינוך,17
מהמורות,17
ומהמורים,17
לבין,17
היכולת,17
לממשן,17
בתנאי,17
חירום,17
יצר,17
בקרבם,17
תחושת,17
תסכול,17
ושחיקה,17
מוסדות,17
חינוך,17
פעלו,17
פעמים,17
רבות,17
בתחילת,17
המלחמה,17
בתנאים,17
של,17
אי,17
ודאות,17
ללא,17
היכרות,17
עם,17
המדיניות,17
הנדרשת,17
וללא,17
מענה,17
מערכתי,17
מותאם,17
כמו,17
כן,17
צוותי,17
הוראה,17
התבקשו,17
להרחיב,17
את,17
שיטות,17
העבודה,17
שלהם,17
ללא,17
הכשרה,17
מתאימה,17
וללא,17
תמיכה,17
מקצועית,17
ממוסדת,17
נוסף,17
על,17
אלו,17
חלק,17
מתחושות,17
התסכול,17
והשחיקה,17
של,17
עובדי,17
ההוראה,17
נבע,17
מהצורך,17
לתווך,17
לתלמידים,17
נושאים,17
טעונים,17
מבלי,17
שהיו,17
לצוותים,17
כלים,17
מתאימים,17
לכך,17
גם,17
במקרה,17
של,17
עובדי,17
הוראה,17
נמצא,17
שהקשיים,17
החמורים,17
ביותר,17
נמדדו,17
באותם,17
אזורים,17
שהפגיעה,17
בהם,17
הייתה,17
הקשה,17
ביותר,17
אולם,17
השפעות,17
המלחמה,17
ניכרו,17
אצל,17
עובדי,17
הוראה,17
בכל,17
הארץ,17
ההשלכות,17
של,17
המצוקה,17
הקשיים,17
והתסכול,17
כפי,17
שהן,17
משתקפות,17
במאמרים,17
המוצגים,17
בחלק,17
זה,17
הן,17
פגיעה,17
רבה,17
בתהליכי,17
הלמידה,17
ובאקלים,17
ושחיקה,17
רבה,17
של,17
צוותי,17
ההוראה,17
על,17
סמך,17
אירועים,17
מהעבר,17
אפשר,17
להסיק,17
שפגיעה,17
זו,17
אינה,17
מוגבלת,17
לשנת,17
הלימודים,17
תשפ,17
ד,17
לבדה,17
השפעת,18
מלחמת,18
חרבות,18
ברזל,18
על,18
בני,18
הנוער,18
סקר,18
סקר,18
יד,18
על,18
הדופקהמאמר,18
הראשון,18
בחלק,18
זה,18
מאת,18
יוסי,18
ב,18
בני,18
נוער,18
בגילאי,18
אינטרנטי,18
מהיר,18
על,18
מדגם,18
מייצג,18
ארצי,18
של,18
הראל,18
פיש,18
וסופי,18
וולש,18
מציג,18
תמונת,18
מצב,18
מדאיגה,18
בדבר,18
השפעתה,18
של,18
מלחמת,18
חרבות,18
ברזל,18
על,18
בני,18
נוער,18
בישראל,18
בחודשי,18
המלחמה,18
הראשונים,18
הנתונים,18
מצביעים,18
על,18
עלייה,18
בתסמינים,18
רגשיים,18
שליליים,18
ובכלל,18
זה,18
תחושות,18
של,18
חרדה,18
עצב,18
עמוק,18
מצוקה,18
גופנית,18
פסיכוסומטית,18
ותחושת,18
אובדן,18
שליטה,18
בהשוואה,18
טרם,18
תקופת,18
הקורונה,18
ופרוץ,18
מהתלמידים,18
והתלמידות,18
עד,18
שנת,18
לתקופה,18
שלפני,18
המלחמה,18
מכ,18
מהתלמידים,18
והתלמידות,18
בתקופה,18
שלאחר,18
פרוץ,18
לאחר,18
הקורונה,18
ו,18
מלחמת,18
חרבות,18
ברזל,18
לכ,18
מלחמת,18
חרבות,18
ברזל,18
החשיפה,18
לאירועי,18
לחימה,18
ולתכנים,18
טראומטיים,18
ברשתות,18
החברתיות,18
נמצאה,18
מנבאת,18
ומעצימה,18
מצוקה,18
זו,18
עוד,18
תוארו,18
במחקר,18
קשיים,18
חברתיים,18
בהיבט,18
החינוכי,18
למרות,18
עלייה,18
בתחושת,18
השייכות,18
לבית,18
הספר,18
וביחס,18
החיובי,18
כלפיו,18
המשיבים,18
דיווחו,18
על,18
קושי,18
רגשי,18
לפנות,18
לאנשי,18
צוות,18
חינוכי,18
בזמן,18
מצוקה,18
רק,18
כמחצית,18
שחשו,18
בנוח,18
לפנות,18
להורים,18
מהתלמידים,18
הרגישו,18
נוח,18
לפנות,18
לאיש,18
צוות,18
בשעת,18
מצוקה,18
נפשית,18
לעומת,18
פנה,18
בפועל,18
לאיש,18
צוות,18
בבית,18
הספר,18
בשעת,18
מצוקה,18
או,18
לחברים,18
ורק,18
מיעוט,18
מבוטל,18
מהתלמידים,18
שפנו,18
להורים,18
נפשית,18
לעומת,18
כ,18
ממצאי,18
הסקר,18
מדגישים,18
את,18
הצורך,18
הגדול,18
שחוו,18
בני,18
נוער,18
בתחילת,18
המלחמה,18
בתמיכה,18
נפשית,18
ובפעילויות,18
להעמקת,18
הקשר,18
בינם,18
לבין,18
בית,18
הספר,18
הם,18
גם,18
מדגישים,18
את,18
הצורך,18
לשפר,18
את,18
תפיסותיהם,18
של,18
התלמידים,18
לגבי,18
היכולת,18
לפנות,18
לצוות,18
בית,18
הספר,18
בזמן,18
מצוקה,18
הסבר,18
המצב,18
הנפשי,18
ואיכות,18
חיים,18
בבית,18
ספר,18
בקרב,18
תלמידי,18
ותלמידות,18
תיכון,18
לסקר,18
זה,18
מצטרף,18
המאמר,18
מאת,18
מור,18
נחום,18
יפית,18
גלבוע,18
ולנה,18
ליפסקיה,18
ויליקובסקי,18
גם,18
וחטיבות,18
ביניים,18
בזמן,18
מלחמת,18
חרבות,18
ברזל,18
מחקר,18
זה,18
סקר,18
את,18
מצבם,18
הרגשי,18
החברתי,18
והתפקודי,18
של,18
מתבגרים,18
בישראל,18
בעקבות,18
מלחמת,18
חרבות,18
ברזל,18
הדגש,18
של,18
נחום,18
ועמיתותיה,18
היה,18
ההשפעות,18
רחבות,18
ההיקף,18
של,18
החשיפה,18
של,18
בני,18
הנוער,18
לאירועים,18
מהמתבגרים,18
חוו,18
קשיים,18
רגשיים,18
של,18
ממש,18
כגון,18
חרדה,18
עצב,18
טראומטיים,18
במחקר,18
נמצא,18
כי,18
יותר,18
מ,18
ותסמינים,18
של,18
חוויה,18
טראומטית,18
מתמשכת,18
במקביל,18
לכך,18
כרבע,18
מבני,18
הנוער,18
דיווחו,18
לפי,18
מחקר,18
זה,18
גם,18
על,18
קשיים,18
תפקודיים,18
בכלל,18
תחומי,18
חיים,18
ובכלל,18
זה,18
טיפול,18
עצמי,18
פעילויות,18
בבית,18
פעילויות,18
פנאי,18
מכל,18
סוג,18
לימודים,18
ושינה,18
זאת,18
ועוד,18
בני,18
נוער,18
דיווחו,18
על,18
קשיים,18
של,18
ממש,18
בתפקודים,18
קוגניטיביים,18
כגון,18
פגיעה,18
ביכולות,18
ניהול,18
עצמי,18
ובזיכרון,18
עבודה,18
וכן,18
חוסר,18
ריכוז,18
ברמה,18
החברתית,18
נמצאו,18
ירידות,18
במדדי,18
שייכות,18
בקשרים,18
עם,18
חברים,18
ובתחושת,18
תמיכה,18
בתוך,18
בית,18
הספר,18
תמונת,18
מצב,18
זו,18
שונה,18
באופן,18
ניכר,18
מזו,18
הידועה,18
באוכלוסייה,18
הכללית,18
מדווחים,18
על,18
מבני,18
הנוער,18
מדווחים,18
על,18
בריאות,18
נפשית,18
תקינה,18
של,18
בני,18
הנוער,18
כאשר,18
באופן,18
שגרתי,18
Goodman,18
et,18
al,18
על,18
בריאות,18
נפשית,18
ירודה,18
מצב,18
בריאותי,18
גבולי,18
ורק,18
ההשפעות,18
הרגשיות,18
השליליות,18
נמצאו,18
בכל,18
האזורים,18
הגיאוגרפיים,18
בארץ,18
ובכלל,18
זה,18
אזורים,18
שלא,18
נחשפו,18
באופן,18
ישיר,18
לאירועים,18
כמו,18
כן,18
השפעות,18
המלחמה,18
תווכו,18
על,18
ידי,18
משתנים,18
של,18
משאבי,18
חוסן,18
אישיים,18
חברתיים,18
קוגניטיביים,18
ותפקודיים,18
של,18
הנשאלים,18
או,18
על,18
ידי,18
היעדרם,18
של,18
משאבים,18
אלו,18
לדיון,18
רחב,18
יותר,18
בנושא,18
ראו,18
להלן,18
בחלק,18
הבא,18
של,18
האסופה,18
שלושת,18
המחקרים,18
הבאים,18
באסופה,18
שיוצגו,18
בחלק,18
זה,18
עוסקים,18
בבתי,18
ספר,18
ובמרכזי,18
לימוד,18
של,18
קהילות,18
שנדרשו,18
להתפנות,18
עם,18
פרוץ,18
המלחמה,18
לכן,18
לצד,18
תיאור,18
המצב,18
בעקבות,18
מלחמת,18
חרבות,18
ברזל,18
הם,18
מתארים,18
הדקדוק,18
גם,18
את,18
תגובתה,18
של,18
מערכת,18
החינוך,18
למצב,18
ואת,18
הכלים,18
שהשתמשו,18
בהם,18
הצוותים,18
המחקרים,18
הם,18
זיו,18
גולדברג,18
וגדעון,18
דישון,18
מאתהבית,18
ספרי,18
בבתי,18
ספר,18
למפונים,18
במלחמת,18
חרבות,18
ברזל,18
ארגון,18
זמן,18
ומרחב,18
מאת,18
בתי,18
ספר,18
בחירום,18
לתלמידים,18
מפונים,18
מקווי,18
העימות,18
היבטים,18
מבניים,18
אתגרים,18
ופתרונות,18
אפשריים,18
Goodman,18
R,18
Ford,18
T,18
Corbin,18
T,18
Meltzer,18
H,18
Using,18
the,18
Strengths,18
and,18
Difficulties,18
Questionnaire,18
SDQ,18
multi,18
informant,18
algorithm,18
to,18
screen,18
looked,18
after,18
children,18
for,18
Psychiatric,18
disorders,18
European,18
Child,18
and,18
Adolescent,18
Psychiatry,18
II,18
II,18
ת,19
ומעורבות,19
בלמידה,19
בקרב,19
בני,19
נוער,19
צרכים,19
פסיכולוגיים,19
בסיסיים,19
תפיסת,19
המחנכדורית,19
טובין,19
ושרון,19
לבון,19
מאת,19
לילך,19
שלו,19
מבורך,19
אילנית,19
הוכמיץ,19
יעל,19
שקד,19
ענבל,19
רווה,19
וטל,19
אליס,19
מפונים,19
במרכזי,19
יחד,19
המחקר,19
של,19
גולדברג,19
ודישון,19
בוחן,19
כיצד,19
התמודדו,19
ארבעה,19
בתי,19
ספר,19
שהוקמו,19
עבור,19
מפונים,19
במהלך,19
מלחמת,19
חרבות,19
ברזל,19
עם,19
אתגריו,19
של,19
מצב,19
חירום,19
חסר,19
תקדים,19
נמצא,19
כי,19
בתי,19
ספר,19
אלו,19
שומרים,19
חלקית,19
על,19
המבנים,19
הארגוניים,19
הפדגוגיים,19
והחברתיים,19
המוכרים,19
של,19
בית,19
הספר,19
מצד,19
אחד,19
ומצד,19
שני,19
משנים,19
את,19
חלקם,19
למשל,19
על,19
ידי,19
הוספת,19
רכיבים,19
טיפוליים,19
וקהילתיים,19
צוותי,19
ההוראה,19
נדרשו,19
לספק,19
מענה,19
רגשי,19
מתמשך,19
לתלמידים,19
תוך,19
שהם,19
עצמם,19
מתמודדים,19
עם,19
טראומה,19
עומס,19
רגשי,19
חוסר,19
בהירות,19
תפקודית,19
ולעיתים,19
גם,19
עם,19
שינויים,19
תכופים,19
במבנה,19
של,19
בית,19
הספר,19
ושל,19
הצוות,19
במקביל,19
לכך,19
נמצאו,19
קשיים,19
רגשיים,19
חברתיים,19
ותפקודיים,19
ניכרים,19
גם,19
אצל,19
תלמידים,19
כגון,19
חרדה,19
ותחושות,19
של,19
היעדר,19
ודאות,19
והיעדר,19
שייכות,19
כל,19
אלו,19
פגעו,19
בריכוז,19
במוטיבציה,19
וביכולת,19
לקיים,19
תהליכי,19
למידה,19
רציפים,19
התפיסה,19
שהובילה,19
את,19
בתי,19
הספר,19
התמקדה,19
ביצירת,19
יציבות,19
בתחילת,19
המשבר,19
התמקדו,19
בתי,19
הספר,19
בהקצאת,19
משאבים,19
לטיפול,19
רגשי,19
ולפעילות,19
הפגה,19
ואילו,19
עם,19
התקדמותו,19
עברו,19
בתי,19
הספר,19
לבנות,19
את,19
עצמם,19
כמוקדים,19
של,19
מערכות,19
יחסים,19
בהקשרן,19
הלימודי,19
לצורך,19
כך,19
הופעלו,19
מנגנונים,19
כגון,19
קביעת,19
מערכות,19
שעות,19
ושילוב,19
של,19
פעילויות,19
הפגה,19
כמו,19
כן,19
שולבו,19
רכיבים,19
דיפרנציאליים,19
בהוראה,19
חונכות,19
אישית,19
ושיח,19
רגשי,19
כחלק,19
מהיומיום,19
והורחבה,19
התקשורת,19
עם,19
הורים,19
כלומר,19
עולה,19
מהמחקר,19
שבמצבי,19
משבר,19
תפקודו,19
של,19
בית,19
הספר,19
נדרש,19
להשתנות,19
ועשוי,19
לכלול,19
מרכיבים,19
טיפוליים,19
וקהילתיים,19
תוך,19
הישענות,19
חלקית,19
על,19
מבנים,19
מסורתיים,19
במערכת,19
החינוך,19
מציג,19
את,19
ההתמודדות,19
של,19
תלמידים,19
ושל,19
צוותים,19
חינוכיים,19
בשני,19
בתי,19
דורית,19
טובין,19
ושרון,19
לבון,19
מחקרן,19
של,19
ספר,19
שהוקמו,19
עבור,19
קהילות,19
שפונו,19
בעקבות,19
מלחמת,19
חרבות,19
ברזל,19
מתוארת,19
בו,19
התמודדות,19
של,19
התלמידים,19
עם,19
מצוקה,19
רגשית,19
מתמשכת,19
המל,19
ו,19
ה,19
כמו,19
במחקרם,19
של,19
גולדברג,19
ודישון,19
בחוסר,19
שגרה,19
באובדן,19
תחושת,19
שייכות,19
ובקשיים,19
תפקודיים,19
גם,19
הארגון,19
הפיזי,19
המאולתר,19
של,19
בתי,19
הספר,19
העדר,19
ציוד,19
מתאים,19
חוסר,19
היציבות,19
בתנאי,19
ההוראה,19
ומעברים,19
תכופים,19
פגעו,19
בתחושת,19
הביטחון,19
של,19
התלמידים,19
לכן,19
חלקם,19
התקשו,19
לראות,19
במסגרת,19
שנבנתה,19
עבורם,19
ב,19
מ,19
קום,19
החלופי,19
בית,19
ספר,19
אמיתי,19
כמו,19
במחקר,19
של,19
גולדברג,19
ודישון,19
גם,19
טובין,19
ולבון,19
טוענות,19
שצוותי,19
החינוך,19
התמודדו,19
בעצמם,19
עם,19
קשיים,19
רגשיים,19
תוך,19
שמצופה,19
מהם,19
להתאים,19
את,19
עצמם,19
לתנאים,19
משתנים,19
המורים,19
והמנהלים,19
נדרשו,19
לגייס,19
משאבים,19
פנימיים,19
וחיצוניים,19
לבנות,19
תשתיות,19
במהירות,19
רבה,19
ולהעניק,19
מענה,19
חינוכי,19
מותאם,19
לכל,19
תלמיד,19
לפי,19
צרכיו,19
מה,19
שענה,19
במידה,19
רבה,19
גם,19
לקשייהם,19
הרגשיים,19
למרות,19
מצבם,19
המעורער,19
חוסר,19
הוודאות,19
תנאי,19
שכר,19
לינה,19
והסעות,19
לא,19
מוסדרים,19
המחסור,19
בעבודת,19
צוות,19
מסודרת,19
כל,19
אלה,19
הביאו,19
לשחיקה,19
מוגברת,19
מצד,19
שני,19
נמצא,19
גם,19
שהמחויבות,19
הקהילתית,19
המענה,19
הפיזי,19
המהיר,19
והאיכותי,19
יחד,19
עם,19
שמירה,19
על,19
המשכיות,19
בצוות,19
ובתפקידי,19
הוראה,19
סייעו,19
להתמדה,19
ולביסוס,19
שגרות,19
צרכים,19
פסיכולוגיים,19
בסיסיים,19
תפיסת,19
המחנכ,19
ת,19
ומעורבות,19
בלמידה,19
מאמרן,19
של,19
שלו,19
מבורך,19
ועמיתותיה,19
עוסק,19
בתלמידות,19
ובתלמידים,19
מפונים,19
מהחינוך,19
העל,19
יסודי,19
שלא,19
הצליחו,19
בקרב,19
בני,19
נוער,19
מפונים,19
במרכזי,19
יחד,19
להשתלב,19
במסגרות,19
לבני,19
נוער,19
מפונים,19
ושולבו,19
במסגרות,19
ייעודיות,19
המחקר,19
מבקש,19
להבין,19
כיצד,19
מעורבותם,19
של,19
התלמידים,19
בלמידה,19
המענה,19
לצרכים,19
הפסיכולוגיים,19
שלהם,19
לשייכות,19
למסוגלות,19
ולאוטונומיה,19
ותמיכת,19
המחנכות,19
והמחנכים,19
בצרכים,19
הללו,19
קשורים,19
זה,19
לזה,19
מהמחקר,19
עולה,19
כי,19
תחושת,19
סיפוק,19
הצרכים,19
הפסיכולוגיים,19
הייתה,19
חזקה,19
יותר,19
מתחושת,19
התסכול,19
ממניעת,19
הצרכים,19
הללו,19
כמו,19
כן,19
החוקרות,19
מצאו,19
שתפיסת,19
התלמידים,19
את,19
המחנכות,19
כמי,19
שתומכות,19
בסיפוק,19
הצרכים,19
הפסיכולוגיים,19
האמורים,19
של,19
התלמידים,19
הייתה,19
מנבא,19
מרכזי,19
למעורבות,19
רבה,19
יותר,19
של,19
התלמידים,19
בלמידה,19
לפיכך,19
המאמר,19
מדגיש,19
את,19
תפקידה,19
הקריטי,19
של,19
הדמות,19
החינוכית,19
כגורם,19
מתווך,19
מייצב,19
ותומך,19
בתקופת,19
חירום,19
מתמשכת,19
גם,19
במצבים,19
של,19
פינוי,19
כפוי,19
ושל,19
קשיים,19
רגשיים,19
שפגעו,19
בהסתגלות,19
לסביבה,19
חינוכית,19
חלופית,19
קודמת,19
תפקידיו,20
ותפקודו,20
של,20
בית,20
הספר,20
וסטרס,20
עקה,20
בעת,20
מלחמת,20
חרבות,20
ברזל,20
מזוויותהמאמר,20
השישי,20
בחלק,20
זה,20
מאת,20
רות,20
ברקוביץ,20
נטע,20
אחדות,20
ורמי,20
בנבנישתי,20
בוחן,20
בקפידה,20
את,20
הראייה,20
של,20
הצוות,20
החינוכי,20
וההורים,20
הקשיים,20
שמתעוררים,20
בשל,20
הפער,20
בין,20
התפקוד,20
בפועל,20
של,20
בתי,20
הספר,20
לבין,20
הציפיות,20
מהם,20
גם,20
מחקר,20
זה,20
מצביע,20
על,20
העומס,20
הרגשי,20
הניכר,20
שנוצר,20
אצל,20
צוותים,20
חינוכיים,20
על,20
כך,20
הוא,20
מוסיף,20
שעומס,20
כזה,20
נוצר,20
גם,20
בקרב,20
הורים,20
ואף,20
ביתר,20
שאת,20
הן,20
עובדי,20
ההוראה,20
הן,20
ההורים,20
חשו,20
רמות,20
גבוהות,20
של,20
חוסר,20
ודאות,20
תסכול,20
ושחיקה,20
תחושות,20
אלו,20
צפו,20
בין,20
היתר,20
בשל,20
ציפיות,20
שלא,20
תמיד,20
מומשו,20
לקבל,20
הנחיות,20
ברורות,20
יותר,20
ממערכת,20
החינוך,20
המורות,20
והמורים,20
התמודדו,20
בין,20
היתר,20
עם,20
אתגרים,20
של,20
הוראה,20
מרחוק,20
ועם,20
מה,20
שנתפס,20
על,20
ידם,20
כהיעדר,20
תמיכה,20
והכוונה,20
מוסדרות,20
ההורים,20
מצידם,20
ציפו,20
שבית,20
הספר,20
יהיה,20
עוגן,20
של,20
יציבות,20
עבור,20
התלמידים,20
והמשפחות,20
עובדי,20
ההוראה,20
הביעו,20
צורך,20
בהפחתת,20
העומס,20
עליהם,20
בהדרכה,20
מקצועית,20
מותאמת,20
ובחיזוק,20
חוסן,20
אישי,20
וצוותי,20
ההורים,20
ציפו,20
לתקשורת,20
פתוחה,20
ורציפה,20
יותר,20
עם,20
בית,20
הספר,20
ולתגבור,20
של,20
אנשי,20
מקצוע,20
בתחום,20
התמיכה,20
הרגשית,20
כדי,20
לתת,20
מענה,20
לתלמידים,20
ולמשפחות,20
מחקר,20
זה,20
מדגיש,20
את,20
הפער,20
בין,20
התפקידים,20
המצופים,20
מבית,20
הספר,20
בזמן,20
חירום,20
לבין,20
המענה,20
שניתן,20
בפועל,20
עולות,20
בו,20
הצעות,20
להתכונן,20
מראש,20
למצבי,20
חירום,20
לתת,20
למורות,20
ומורים,20
הכשרה,20
ייעודית,20
לתמיכה,20
בתלמידים,20
בשעת,20
חירום,20
ולקדם,20
תקשורת,20
חיובית,20
ורציפה,20
בינם,20
לבין,20
הורים,20
כל,20
זאת,20
במטרה,20
לצמצם,20
את,20
פער,20
הציפיות,20
ולהגביר,20
את,20
האמון,20
בבתי,20
הספר,20
תוך,20
שיפור,20
יכולת,20
המערכת,20
להגיב,20
לצרכים,20
רגשיים,20
וחינוכיים,20
בזמן,20
משבר,20
המחקר,20
האחרון,20
בחלק,20
זה,20
של,20
הקובץ,20
מציג,20
אתגר,20
שונה,20
מהאתגרים,20
שדובר,20
עליהם,20
עד,20
כה,20
הקושי,20
של,20
התמודדות,20
עובדי,20
הוראה,20
לפעול,20
בתנאים,20
הרגשיים,20
ובקשיים,20
התרבותיים,20
שנוצרו,20
בשל,20
המלחמה,20
המחקר,20
מאת,20
עידית,20
פסט,20
רותם,20
מורות,20
עם,20
אירועי,20
המלחמה,20
עם,20
תלמידים,20
יהודים,20
וערבים,20
בבית,20
ספר,20
ממלכתי,20
עברי,20
טרכטנברג,20
מסלטון,20
ומיכל,20
שפירא,20
יונגר,20
מציג,20
את,20
ההתמודדות,20
של,20
מורות,20
המלמדות,20
בבתי,20
ספר,20
מעורבים,20
יהודים,20
ערבים,20
במהלך,20
שנת,20
תשפ,20
ד,20
המורות,20
שרואיינו,20
תיארו,20
התמודדות,20
יומיומית,20
עם,20
קונפליקטים,20
בין,20
אישיים,20
ובין,20
קבוצתיים,20
בכיתה,20
מבלי,20
שחשו,20
שהן,20
זוכות,20
לתמיכה,20
מערכתית,20
או,20
להכרה,20
באתגר,20
שלהן,20
המתח,20
בין,20
רגשות,20
אישיים,20
בעקבות,20
המלחמה,20
לבין,20
האחריות,20
לשמור,20
על,20
איזון,20
בכיתה,20
עורר,20
תחושות,20
של,20
בלבול,20
ותסכול,20
המורות,20
אף,20
נדרשו,20
להפעיל,20
שיקול,20
דעת,20
מתמיד,20
בין,20
אם,20
בשינוי,20
תכנים,20
לימודיים,20
בעידון,20
שפה,20
או,20
במסגור,20
מחדש,20
של,20
עמדות,20
טעונות,20
וזאת,20
תוך,20
מאמץ,20
קבוע,20
לנרמל,20
את,20
הקונפליקט,20
האתני,20
לאומי,20
בכיתה,20
או,20
להפחית,20
את,20
עוצמתו,20
תחושת,20
הבדידות,20
המקצועית,20
נבעה,20
מכך,20
שהמורות,20
שהשתתפו,20
במחקר,20
לא,20
קיבלו,20
לתפיסתן,20
הכשרה,20
מקצועית,20
מספקת,20
בנושא,20
כזו,20
שדרושה,20
בכל,20
עת,20
ובפרט,20
בזמן,20
מלחמה,20
המחקר,20
חושף,20
את,20
המשימה,20
המוטלת,20
על,20
כתפי,20
המורות,20
לנווט,20
בין,20
עמדות,20
אישיות,20
וחברתיות,20
כלפי,20
מיעוטים,20
לבין,20
המחויבות,20
לחזק,20
את,20
תחושת,20
השייכות,20
של,20
כל,20
תלמיד,20
המחברות,20
ממליצות,20
למערכת,20
החינוך,20
למפות,20
את,20
התופעה,20
של,20
בתי,20
ספר,20
מעורבים,20
לגבש,20
מדיניות,20
ברורה,20
בנוגע,20
להתמודדות,20
עם,20
שונות,20
תרבותית,20
בעת,20
חירום,20
ולהעניק,20
למורות,20
כלים,20
ותמיכה,20
בהתמודדות,20
עם,20
המשימה,20
המורכבת,20
שלהם,20
לנהל,20
מרחב,20
רב,20
תרבותי,20
בכיתה,20
בשעת,20
משבר,20
לאומי,20
חלק,21
שני,21
משאבי,21
חוסן,21
בין,21
כישורים,21
אישיים,21
לתמיכה,21
קהילתית,21
החלק,21
הראשון,21
של,21
האסופה,21
עסק,21
בעיקר,21
בתמונת,21
המצב,21
של,21
תלמידים,21
ושל,21
עובדי,21
הוראה,21
בעקבות,21
המלחמה,21
והציג,21
את,21
השלכותיה,21
הרגשיות,21
החברתיות,21
והתפקודיות,21
העמוקות,21
החלק,21
השני,21
מתמקד,21
במשאבים,21
אישיים,21
וחברתיים,21
של,21
תלמידים,21
ושל,21
עובדי,21
הוראה,21
המאפשרים,21
התמודדות,21
עם,21
המשבר,21
התאוששות,21
ממנו,21
ולעיתים,21
אף,21
צמיחה,21
בתוך,21
מציאות,21
של,21
משבר,21
מתמשך,21
המחקרים,21
המוצגים,21
כאן,21
מציעים,21
הסתכלות,21
מקיפה,21
על,21
חוסן,21
כעל,21
יכולת,21
שנבנית,21
מתוך,21
שלל,21
גורמים,21
אישיים,21
בין,21
אישיים,21
ומערכתיים,21
המשותף,21
לרבים,21
מן,21
הממצאים,21
המוצגים,21
בחלק,21
זה,21
הוא,21
ההכרה,21
שאבני,21
היסוד,21
של,21
חוסן,21
של,21
מתבגרים,21
ושל,21
עובדי,21
הוראה,21
הן,21
שמירת,21
תחושה,21
של,21
שליטה,21
יצירת,21
תחושה,21
של,21
משמעות,21
או,21
שמירה,21
עליה,21
השגת,21
אוטונומיה,21
ותחושה,21
של,21
מסוגלות,21
לתרום,21
לאחרים,21
המלווה,21
במוכנות,21
לעשות,21
זאת,21
לכן,21
השתתפות,21
פעילה,21
בפעילויות,21
יומיומיות,21
ושמירה,21
על,21
שגרות,21
ועל,21
מערכות,21
תמיכה,21
חברתיות,21
הדדיות,21
משמשות,21
כמנגנוני,21
הגנה,21
ומסייעות,21
לשמירה,21
על,21
תחושת,21
זהות,21
ועל,21
ערך,21
עצמי,21
בחלק,21
זה,21
נפרשות,21
גם,21
עדויות,21
רבות,21
לכך,21
שחוסן,21
הוא,21
גם,21
תוצר,21
של,21
תנאים,21
מסגרות,21
ותמיכות,21
שניתן,21
לאפשר,21
או,21
ליצור,21
למשל,21
נמצא,21
ששיח,21
עם,21
הורים,21
ומורים,21
תורם,21
להפחתת,21
תחושות,21
של,21
בדידות,21
וחוסר,21
ודאות,21
אצל,21
בני,21
נוער,21
המחקרים,21
גם,21
מצביעים,21
על,21
התרומה,21
הקריטית,21
של,21
מערכת,21
החינוך,21
ושל,21
הקהילה,21
בהנגשת,21
המשאבים,21
הללו,21
לחיזוק,21
של,21
תחושת,21
המסוגלות,21
של,21
מורים,21
לעידוד,21
השתתפות,21
פעילה,21
של,21
תלמידים,21
ולבניית,21
שיח,21
רגשי,21
פתוח,21
ומודע,21
מתוך,21
כך,21
עולה,21
הצורך,21
בפיתוח,21
של,21
מדיניות,21
חינוכית,21
חברתית,21
המקדמת,21
חוסן,21
מחשבותיהם,21
וקולם,21
של,21
בני,21
נוער,21
משפחותיהם,21
ואנשי,21
קהילה,21
החיים,21
בדרום,21
פגיעות,21
חוסן,21
וצמיחה,21
מאת,21
מירי,21
שרף,21
הוא,21
המחקר,21
הראשון,21
שמוצג,21
בחלק,21
זה,21
במחקר,21
איכותני,21
זה,21
תיארה,21
במלחמת,21
חרבות,21
ברזל,21
שרף,21
בפירוט,21
את,21
ההתמודדות,21
הרגשית,21
של,21
בני,21
נוער,21
מיישובי,21
עוטף,21
עזה,21
עם,21
השלכותיה,21
של,21
מלחמת,21
חרבות,21
ברזל,21
וכן,21
הציגה,21
משאבי,21
חוסן,21
מרכזיים,21
שאפשרו,21
תפקוד,21
נפשי,21
חברתי,21
ולימודי,21
סביר,21
בתנאי,21
קיצון,21
בדומה,21
לתיאור,21
שהוצג,21
בחלק,21
הקודם,21
ממחקרה,21
של,21
שרף,21
עולה,21
שהתלמידים,21
חוו,21
תחושות,21
שליליות,21
עזות,21
של,21
פחד,21
עצב,21
בלבול,21
וחוסר,21
ודאות,21
עם,21
זאת,21
אחדים,21
מבני,21
הנוער,21
שרואיינו,21
במחקר,21
גילו,21
יכולת,21
הסתגלות,21
מרשימה,21
וצמיחה,21
אישית,21
הם,21
תיארו,21
בשלות,21
רגשית,21
גילוי,21
כישרונות,21
חבויים,21
רגישות,21
גבוהה,21
יותר,21
לצורכי,21
סביבתם,21
שיפור,21
בדימוי,21
העצמי,21
אומץ,21
לב,21
משמעת,21
עצמית,21
יכולת,21
לגייס,21
משאבים,21
פנימיים,21
ואוטונומיה,21
מתרחבת,21
בין,21
הכלים,21
שתמכו,21
בחוסן,21
הוזכרו,21
יצירת,21
שגרות,21
השתתפות,21
בפעילויות,21
הפגה,21
יצירתיות,21
ובפעילויות,21
התנדבות,21
עיסוק,21
בעשייה,21
יומיומית,21
ותקשורת,21
חיובית,21
עם,21
ההורים,21
כל,21
אלו,21
סייעו,21
לבני,21
הנוער,21
להתמודד,21
עם,21
תחושת,21
אובדן,21
השליטה,21
ולבנות,21
משמעות,21
בתוך,21
הכאוס,21
שאליו,21
נקלעו,21
כמו,21
כן,21
תחושת,21
אוטונומיה,21
מסוגלות,21
עצמית,21
ומעורבות,21
בקהילה,21
תוארו,21
כגורמים,21
תומכים,21
ביכולת,21
ליפול,21
ולקום,21
ביטוי,21
שחזר,21
בדברי,21
המרואיינים,21
המחקר,21
גם,21
מדגיש,21
את,21
חשיבותם,21
של,21
משאבי,21
הסביבה,21
עבור,21
המתבגרים,21
תמיכה,21
ממשפחה,21
חברים,21
צוותי,21
חינוך,21
ומהקהילה,21
מורים,21
מכילים,21
כיתות,21
קטנות,21
והתאמות,21
לימודיות,21
כל,21
אלה,21
תרמו,21
לתחושת,21
מסוגלות,21
אקדמית,21
גם,21
קשרים,21
חברתיים,21
חזקים,21
ותחושת,21
שייכות,21
למסגרת,21
תומכת,21
היו,21
גורמים,21
מחזקים,21
לצד,21
זאת,21
הודגש,21
הצורך,21
בתמיכה,21
עקבית,21
ומתמשכת,21
ובכלל,21
זה,21
טיפול,21
לא,21
רק,21
בימי,21
השיא,21
של,21
המשבר,21
אלא,21
גם,21
לאחר,21
מכן,21
בני,21
הנוער,21
עצמם,21
הציגו,21
תובנות,21
לגבי,21
החשיבות,21
של,21
הכלה,21
ושל,21
עשייה,21
למען,21
אחרים,21
חוסן,21
תמיכות,21
והשתתפות,21
בפעילויות,21
יומיום,21
של,21
תלמידי,21
תיכון,21
בתקופת,21
חרבות,21
המחקר,21
השני,21
בחלק,21
זה,21
ענת,21
גולוס,21
מירי,21
טל,21
סבן,21
ונעמי,21
וינטראוב,21
מרחיב,21
את,21
התובנות,21
על,21
חוסן,21
של,21
תלמידים,21
גם,21
מאתברזל,21
לתלמידים,21
שלא,21
פונו,21
מבתיהם,21
במחקר,21
נמצא,21
כפי,21
שכבר,21
עלה,21
במאמרי,21
החלק,21
הראשון,21
של,21
האסופה,21
שמידת,21
הפגיעה,21
האישית,21
או,21
המשפחתית,21
שנחווית,21
על,21
ידי,21
מתבגרים,21
נמצאת,21
במתאם,21
עם,21
החוסן,21
שלהם,21
החוקרות,21
מצאו,21
מתאם,21
בין,21
השתתפות,21
רבה,21
בפעילויות,21
של,21
בית,21
הספר,21
ותמיכה,21
חברתית,21
מצד,21
חברים,21
לבין,21
תחושת,21
חוסן,21
גבוהה,21
המשתנה,21
המרכזי,21
שניבא,21
חוסן,21
היה,21
החשיבות,21
הסובייקטיבית,21
שהתלמידים,21
ייחסו,21
להשתתפות,22
בפעילויות,22
בבית,22
הספר,22
לדברי,22
המחברות,22
ממצאים,22
אלה,22
מאששים,22
את,22
הטענה,22
שחוסן,22
בקרב,22
בני,22
נוער,22
נשען,22
על,22
משאבים,22
פנימיים,22
וחיצוניים,22
כאחד,22
הסובבים,22
סביב,22
מוסד,22
הלימודים,22
לכן,22
הן,22
מציעות,22
לעודד,22
קשרים,22
חברתיים,22
ולאפשר,22
מרחבים,22
להשתתפות,22
פעילה,22
בבית,22
הספר,22
גם,22
בזמן,22
משבר,22
וגם,22
בסיומו,22
שלושת,22
המחקרים,22
שלהלן,22
דנים,22
במשאבי,22
החוסן,22
שבני,22
נוער,22
מוצאים,22
ברשתות,22
החברתיות,22
הראשון,22
שבהם,22
הקשר,22
בין,22
שימושים,22
שונים,22
במדיה,22
חברתית,22
ותחושת,22
מיטביות,22
בקרב,22
בני,22
נוער,22
בישראל,22
בתקופת,22
הוא,22
מאת,22
יעל,22
מלין,22
קריסטה,22
אסטרחן,22
ויעלי,22
גרדין,22
מחקר,22
זה,22
מצביע,22
על,22
קשר,22
בין,22
שימוש,22
במדיה,22
המלחמה,22
חברתית,22
לצורך,22
אינטראקציה,22
חברתית,22
לבין,22
תחושת,22
שלומות,22
גבוהה,22
יותר,22
כמו,22
כן,22
הוא,22
מוצא,22
קשר,22
בין,22
שימוש,22
במדיה,22
חברתית,22
שמעורבת,22
בה,22
רפלקציה,22
לבין,22
רמות,22
גבוהות,22
יותר,22
של,22
שלומות,22
המחקר,22
השני,22
הרשתות,22
החברתיות,22
כזירה,22
לפיתוח,22
חוסן,22
בעת,22
מלחמה,22
פרספקטיבות,22
של,22
בני,22
נוער,22
והורים,22
מחקר,22
קצר,22
טווח,22
מאת,22
אלה,22
דניאל,22
נעמה,22
אפל,22
דורון,22
תמר,22
פרידלנדר,22
בנושאים,22
הקשורים,22
לתקופת,22
מלחמת,22
חרבות,22
ברזל,22
נעם,22
גררה,22
היילפרין,22
ואלינה,22
שיטרית,22
בחן,22
כיצד,22
בני,22
נוער,22
והוריהם,22
התמודדו,22
עם,22
חשיפה,22
לתכנים,22
קשים,22
חוסן,22
בימים,22
של,22
מלחמה,22
מתבגרים,22
ברשתות,22
החברתיות,22
במהלך,22
המלחמה,22
המחקר,22
השלישי,22
בנושא,22
ערכים,22
והתנהגות,22
ברשת,22
מחקר,22
אורך,22
להבנה,22
של,22
פרספקטיבה,22
חדשה,22
על,22
מושג,22
החוסן,22
של,22
בני,22
נוער,22
בישראל,22
מאת,22
שרון,22
קייזר,22
הלר,22
אריאל,22
כנפו,22
נעם,22
דנה,22
קצוטי,22
מירי,22
גולדרט,22
וירון,22
סלע,22
בזמן,22
מלחמת,22
חרבות,22
ברזל,22
בחן,22
דפוסים,22
של,22
שימוש,22
ברשתות,22
החברתיות,22
על,22
ידי,22
בני,22
נוער,22
בזמן,22
המלחמה,22
הקשר,22
בין,22
שימושים,22
שונים,22
במדיה,22
חברתית,22
ותחושת,22
מיטביות,22
בקרב,22
בני,22
נוער,22
בישראל,22
בתקופת,22
המלחמה,22
מציג,22
את,22
תמונת,22
המצב,22
של,22
שימושים,22
של,22
בני,22
נוער,22
במדיה,22
החברתית,22
מפרוץ,22
המלחמה,22
ובמשך,22
חמישה,22
חודשים,22
המחקר,22
בחן,22
את,22
הקשרים,22
בין,22
דפוסי,22
שימוש,22
של,22
בני,22
נוער,22
בארץ,22
במדיה,22
החברתית,22
לבין,22
תחושת,22
השלומות,22
או,22
המצוקה,22
שלהם,22
החוקרות,22
מצאו,22
מתאם,22
בין,22
שימוש,22
רב,22
במדיה,22
החברתית,22
בפרט,22
לצריכת,22
חדשות,22
או,22
למעורבות,22
בוויכוחים,22
פוליטיים,22
ברשת,22
לבין,22
רמות,22
גבוהות,22
יותר,22
של,22
מצוקה,22
נפשית,22
ממצא,22
זה,22
עולה,22
בקנה,22
אחד,22
עם,22
הטענה,22
שכבר,22
הוזכרה,22
במאמרים,22
של,22
הראל,22
פיש,22
ווולש,22
שבני,22
נוער,22
חוו,22
מצוקה,22
רגשית,22
בעקבות,22
המלחמה,22
בין,22
היתר,22
בהשפעת,22
חשיפה,22
לרשתות,22
החברתיות,22
במקביל,22
לשורת,22
המחקרים,22
שכבר,22
הוזכרו,22
גם,22
במחקר,22
זה,22
כללה,22
המצוקה,22
הנפשית,22
ביטויים,22
כגון,22
חרדה,22
דיכאון,22
מתח,22
וחוסר,22
ויסות,22
של,22
תגובות,22
רגשיות,22
למרות,22
כל,22
הנאמר,22
נמצא,22
ששימוש,22
במדיה,22
החברתית,22
לצרכים,22
חברתיים,22
כגון,22
שמירה,22
על,22
קשרים,22
חברתיים,22
קבלת,22
תמיכה,22
רגשית,22
או,22
מתן,22
תמיכה,22
כזו,22
או,22
לצורך,22
למידה,22
תרם,22
לשלומות,22
רבה,22
יותר,22
נמצא,22
גם,22
שמתבגרים,22
שיש,22
להם,22
יכולת,22
לבצע,22
רפלקציה,22
לרגשותיהם,22
שלהם,22
ולנהל,22
אותם,22
דיווחו,22
על,22
רמות,22
שלומות,22
גבוהות,22
יותר,22
גם,22
כשהשתמשו,22
ברשתות,22
החברתיות,22
בתדירות,22
גבוהה,22
לדעת,22
המחברות,22
הממצאים,22
מדגישים,22
את,22
חשיבותם,22
של,22
כלים,22
חינוכיים,22
להקניית,22
מיומנויות,22
של,22
ויסות,22
רגשי,22
בייחוד,22
בזמנים,22
שבהם,22
רשתות,22
חברתיות,22
הופכות,22
גם,22
למקור,22
מידע,22
וגם,22
לזירת,22
התמודדות,22
רגשית,22
המאמר,22
השני,22
מבין,22
שלושת,22
המחקרים,22
מצא,22
שכמחצית,22
מבני,22
הנוער,22
נחשפו,22
במהלך,22
המלחמה,22
לתוכן,22
אלים,22
למידע,22
כוזב,22
ולתקשורת,22
פוגענית,22
ברשתות,22
כל,22
אלו,22
פגעו,22
בשלומות,22
שלהם,22
עם,22
זאת,22
הוא,22
גם,22
מצא,22
שבני,22
הנוער,22
השתמשו,22
באסטרטגיות,22
של,22
שימוש,22
במדיה,22
חברתית,22
שהגבירו,22
את,22
חוסנם,22
ובהן,22
חיפוש,22
מידע,22
תמיכה,22
חברתית,22
מסגור,22
מחדש,22
של,22
המצב,22
והסחת,22
דעת,22
המחקר,22
האחרון,22
מבין,22
השלושה,22
של,22
קייזר,22
הלר,22
ועמיתיה,22
העלה,22
ממצאים,22
דומים,22
ולפיהם,22
השימוש,22
של,22
נמצא,22
במתאם,22
ומאי,22
בני,22
נוער,22
ברשתות,22
החברתיות,22
בזמן,22
המלחמה,22
בשתי,22
נקודות,22
זמן,22
נובמבר,22
עם,22
ירידה,22
בשלומות,22
עוד,22
נמצא,22
שמתבגרים,22
שרגילים,22
ביומיום,22
להתמודד,22
עם,22
קשיים,22
שהם,22
חווים,22
באופנים,22
חברתיים,22
קוגניטיביים,22
או,22
גופניים,22
גלשו,22
פחות,22
ולכן,22
השלומות,22
שלהם,22
נפגעה,22
פחות,22
זאת,22
בעוד,22
מתבגרים,22
שסגנון,22
ההתמודדות,22
שלהם,22
היה,22
רגשי,22
נטו,22
לבלות,22
זמן,22
רב,22
יותר,22
ברשתות,22
החברתיות,22
פעילות,22
שנמצאה,22
במתאם,22
עם,22
שלומות,22
נמוכה,22
יותר,22
מצד,22
שני,22
נמצא,22
מתאם,22
גם,22
בין,22
ניסיון,22
להימנעות,22
גורפת,22
מתכנים,22
במדיה,22
החברתית,22
הקשורים,22
למלחמה,22
לבין,22
שלומות,22
נמוכה,22
יותר,22
שני,23
המחקרים,23
האחרונים,23
מדגישים,23
גם,23
את,23
תפקיד,23
ההורים,23
כמקדמי,23
חוסן,23
על,23
ידי,23
תיווך,23
אקטיבי,23
של,23
התכנים,23
הנגישים,23
ברשתות,23
כלומר,23
נדרש,23
שיח,23
יזום,23
על,23
תכנים,23
פוגעניים,23
נוכחות,23
הורית,23
בזמן,23
שימוש,23
ברשתות,23
החברתיות,23
כמו,23
למשל,23
ניטור,23
או,23
מענה,23
על,23
שאלות,23
והצבת,23
גבולות,23
ברורים,23
על,23
סוגי,23
תכנים,23
כמו,23
כן,23
שיח,23
שיוזמים,23
הורים,23
לגבי,23
רשתות,23
נמצא,23
במתאם,23
עם,23
חשיפה,23
רבה,23
יותר,23
לתכנים,23
קשים,23
מצד,23
אחד,23
ועם,23
שימוש,23
רב,23
יותר,23
באסטרטגיות,23
התמודדות,23
של,23
בני,23
הנוער,23
מצד,23
שני,23
נראה,23
אפוא,23
שתיווך,23
ההורים,23
גם,23
תומך,23
בהתמודדות,23
עם,23
היבטים,23
שליליים,23
של,23
גלישה,23
ברשתות,23
וגם,23
עשוי,23
לחזק,23
את,23
השימוש,23
בהיבטים,23
החיוביים,23
שלהן,23
אתגרים,23
בהוראת,23
מקצועות,23
מדעיים,23
בתקופת,23
מלחמת,23
חרבות,23
ברזל,23
קידום,23
מיומנויות,23
למידה,23
חברתית,23
מאת,23
זהבית,23
כהן,23
וענבל,23
קולושי,23
מינסקר,23
ביקש,23
רגשית,23
בתכנון,23
פרויקט,23
חקר,23
הנדסי,23
מבוסס,23
טכנולוגיה,23
לבחון,23
קידום,23
מיומנויות,23
למידה,23
חברתית,23
רגשית,23
במסגרת,23
פרויקט,23
חקר,23
הנדסי,23
המבוסס,23
על,23
טכנולוגיה,23
במהלך,23
מלחמת,23
חרבות,23
ברזל,23
המחקר,23
נערך,23
בקרב,23
תלמידי,23
כיתות,23
ח,23
בכיתות,23
מצוינות,23
נמצאה,23
עלייה,23
במודעות,23
למיומנויות,23
אישיות,23
ובין,23
אישיות,23
ובשימוש,23
בהן,23
בעקבות,23
ההשתתפות,23
בתוכנית,23
כמו,23
כן,23
נמצאה,23
עלייה,23
רבה,23
יותר,23
בממוצע,23
בשימוש,23
במיומנויות,23
אלה,23
אצל,23
תלמידות,23
כיוון,23
שהמיומנויות,23
הללו,23
מתואמות,23
עם,23
חוסן,23
אישי,23
וחברתי,23
וכיוון,23
ששני,23
סוגי,23
החוסן,23
נמצאו,23
במתאם,23
עם,23
תפקוד,23
טוב,23
יותר,23
בזמן,23
משבר,23
החוקרות,23
מסיקות,23
שהשתתפות,23
בפרויקט,23
חקר,23
הנדסי,23
הועילה,23
לתלמידים,23
במיוחד,23
לתלמידות,23
בהיבטים,23
שרלוונטיים,23
לתקופת,23
המלחמה,23
ארבעת,23
המאמרים,23
שמשלימים,23
חלק,23
זה,23
של,23
האסופה,23
מוקדשים,23
למשאבי,23
החוסן,23
של,23
צוותי,23
חינוך,23
יעל,23
מלין,23
מורים,23
בישראל,23
בצל,23
מלחמת,23
חרבות,23
ברזל,23
היבטים,23
תום,23
גומפל,23
ומור,23
נחום,23
תרמו,23
לאסופה,23
מאמר,23
שכותרתו,23
במאמר,23
זה,23
הם,23
בחנו,23
את,23
מצבם,23
הרגשי,23
והמקצועי,23
של,23
צוותי,23
הוראה,23
לאורך,23
שישה,23
פסיכולוגיים,23
ומקצועיים,23
חודשים,23
מתחילת,23
הלחימה,23
והתמקדו,23
בגורמים,23
שסייעו,23
לשמור,23
על,23
רווחה,23
נפשית,23
למרות,23
המלחמה,23
נראה,23
שמדובר,23
בגורמים,23
אישיותיים,23
מורות,23
ומורים,23
שדיווחו,23
בתחילת,23
המלחמה,23
על,23
חוסן,23
נפשי,23
ועל,23
תחושת,23
מסוגלות,23
עצמית,23
גבוהה,23
בהקשר,23
המקצועי,23
שמרו,23
באופן,23
יחסי,23
על,23
יציבות,23
רגשית,23
לאורך,23
תקופת,23
המחקר,23
וסבלו,23
פחות,23
ממצוקה,23
פסיכולוגית,23
משחיקה,23
ומתשישות,23
המחברים,23
הראו,23
כי,23
המצב,23
הנפשי,23
של,23
צוותי,23
ההוראה,23
היה,23
מושפע,23
ממשאבי,23
חוסן,23
סביבתיים,23
ובראשם,23
התמיכה,23
שהם,23
חשו,23
שקיבלו,23
מבית,23
הספר,23
פער,23
גדול,23
בין,23
התמיכה,23
שנדרשה,23
למורות,23
ולמורים,23
לבין,23
זו,23
שקיבלו,23
בפועל,23
במיוחד,23
בכל,23
האמור,23
להכלה,23
רגשית,23
ולהתחשבות,23
בקשיים,23
לוגיסטיים,23
היה,23
במתאם,23
עם,23
מצוקה,23
מתמשכת,23
שלהם,23
לעומת,23
זאת,23
פער,23
קטן,23
המעיד,23
על,23
קבלת,23
מענה,23
מהנהלת,23
בית,23
הספר,23
היה,23
במתאם,23
עם,23
מצב,23
נפשי,23
טוב,23
יותר,23
לאורך,23
זמן,23
לפיכך,23
המחקר,23
ממליץ,23
על,23
בניית,23
תשתיות,23
חוסן,23
במערכת,23
החינוך,23
סדנאות,23
לפיתוח,23
מסוגלות,23
וחוסן,23
אישי,23
מנגנוני,23
תמיכה,23
רגשית,23
מתמשכת,23
וצעדים,23
מצד,23
הנהלת,23
בית,23
הספר,23
לחיזוק,23
של,23
תחושת,23
השייכות,23
ולחיזוק,23
ההכרה,23
מצד,23
ההנהלה,23
בבתי,23
הספר,23
מאת,23
טל,23
בן,23
ארי,23
אורלי,23
הוראה,23
בזמן,23
מלחמה,23
שחיקה,23
אתגרים,23
מקצועיים,23
ותמיכהגם,23
המחקר,23
הבא,23
ליפקה,23
ומירי,23
שריד,23
מתמקד,23
במשאבי,23
החוסן,23
של,23
מורות,23
ומורים,23
ממצאיו,23
מצביעים,23
על,23
התמודדות,23
של,23
מורות,23
ומורים,23
עם,23
עומסים,23
רגשיים,23
חברתיים,23
ותפקודיים,23
ניכרים,23
האופייניים,23
למצב,23
של,23
מלחמה,23
תחושות,23
חרדה,23
אי,23
ודאות,23
חוסר,23
אונים,23
ותשישות,23
וכל,23
זאת,23
לצד,23
הצורך,23
להתמודד,23
עם,23
תלמידים,23
שחוו,23
בעצמם,23
מצבי,23
דחק,23
נמצא,23
שאוכלוסייה,23
של,23
מורות,23
ומורים,23
צעירים,23
הייתה,23
פגיעה,23
יותר,23
בשל,23
חוסר,23
ניסיון,23
עומס,23
תפקידי,23
וחוסר,23
ודאות,23
מקצועית,23
כמו,23
כן,23
נמצא,23
קשר,23
ישיר,23
בין,23
רמת,23
החרדה,23
לבין,23
רמת,23
השחיקה,23
וחרדה,23
זו,23
נמצאה,23
קשורה,23
בין,23
היתר,23
למצבי,23
סיכון,23
של,23
בני,23
משפחה,23
שגויסו,23
למלחמה,23
מנגד,23
הדגיש,23
המחקר,23
כיצד,23
תמיכת,23
עמיתים,23
ותמיכה,23
מצד,23
צוותי,23
ניהול,23
מסייעות,23
לחיזוק,23
החוסן,23
של,23
מורות,23
ומורים,23
תמיכה,23
כזו,23
התבטאה,23
בהכלה,23
רגשית,23
ובהתחשבות,23
בעידוד,23
ובשיתוף,23
בידע,23
כמו,23
במחקר,23
של,23
מלין,23
מהמורות,23
והמורים,23
ועמיתיה,23
רמות,23
תמיכה,23
ממסדית,23
גבוהות,23
היו,23
במתאם,23
עם,23
שחיקה,23
נמוכה,23
כ,23
שהשתתפו,23
במחקר,23
הדגישו,23
את,23
הצורך,23
בתמיכה,23
מהנהלת,23
בית,23
הספר,23
המלצת,23
החוקרות,23
משלימה,23
את,23
אלו,23
של,23
מלין,23
ועמיתיה,23
בהצביעה,23
על,23
החשיבות,23
של,23
יצירת,23
מערכי,23
תמיכה,23
דיפרנציאליים,23
בתוך,23
בית,23
הספר,23
וכן,23
של,23
יצירת,24
מערכי,24
הכשרה,24
לצוותי,24
ניהול,24
זאת,24
במטרה,24
שיוכלו,24
לתת,24
תמיכה,24
רגשית,24
וליצור,24
בבית,24
הספר,24
קבוצות,24
תמיכה,24
המבוססות,24
על,24
עמיתים,24
מלחמת,24
חרבות,24
ברזל,24
רווחה,24
רגשית,24
ומשאבי,24
התמודדות,24
של,24
יועצות,24
חינוכיות,24
מהחברה,24
היהודית,24
המאמר,24
משה,24
טטר,24
יוליה,24
ליפשיץ,24
ברזילר,24
סימה,24
עמרם,24
וקנין,24
אינה,24
בן,24
אורי,24
מאת,24
במצב,24
של,24
חירום,24
מתמשך,24
וטליה,24
לביא,24
ישורון,24
ביקש,24
לבחון,24
כפי,24
שניתן,24
ללמוד,24
משמו,24
את,24
אוכלוסיית,24
היועצות,24
שמצופה,24
מהן,24
לתמוך,24
רגשית,24
בקהילת,24
בית,24
הספר,24
בשעת,24
חירום,24
בתוך,24
כך,24
נבדק,24
כיצד,24
התמודדו,24
היועצות,24
עצמן,24
עם,24
הקשיים,24
שחוו,24
בתחילת,24
המלחמה,24
ובאילו,24
משאבי,24
חוסן,24
הן,24
יכולות,24
היו,24
להשתמש,24
החוקרים,24
מצאו,24
כי,24
היועצות,24
חוו,24
קשיים,24
רגשיים,24
כגון,24
תחושת,24
חוסר,24
ודאות,24
עצב,24
וחרדה,24
וקשיים,24
תפקודיים,24
כגון,24
תשישות,24
קשיי,24
ריכוז,24
ושחיקה,24
היועצות,24
דיווחו,24
שהדרישה,24
מהן,24
לתמוך,24
בתלמידים,24
בצוותי,24
הוראה,24
ואף,24
במשפחות,24
הוסיפה,24
לקשיים,24
שהן,24
בעצמן,24
חוו,24
ממילא,24
עם,24
זאת,24
רבות,24
מהמשתתפות,24
ביטאו,24
תחושת,24
שליחות,24
ומחויבות,24
למערכת,24
והמשיכו,24
לפעול,24
בנמרצות,24
גם,24
לאחר,24
חשיפה,24
ישירה,24
או,24
עקיפה,24
לטראומה,24
החוקרים,24
זיהו,24
כמה,24
קבוצות,24
של,24
יועצות,24
על,24
בסיס,24
ארבעת,24
מרכיבי,24
ההון,24
הפסיכולוגי,24
חוסן,24
תקווה,24
אופטימיות,24
ומסוגלות,24
עצמית,24
שהיו,24
זמינים,24
להן,24
קבוצת,24
היועצות,24
שהתאפיינה,24
במשאבי,24
הון,24
פסיכולוגי,24
גבוהים,24
דיווחה,24
על,24
רמות,24
נמוכות,24
יחסית,24
של,24
שחיקה,24
היועצות,24
דיווחו,24
על,24
מגוון,24
אסטרטגיות,24
להתמודדות,24
כגון,24
חיפוש,24
יזום,24
של,24
תמיכה,24
מהמשפחה,24
ומהקהילה,24
המקצועית,24
פעילות,24
הפגה,24
ובחירה,24
בעמדות,24
חיוביות,24
כמו,24
הכרת,24
הטוב,24
ואופטימיות,24
לדברי,24
החוקרים,24
הממצאים,24
מצביעים,24
על,24
כך,24
שחשוב,24
להתבסס,24
על,24
גורמים,24
אישיותיים,24
אלו,24
ולהוסיף,24
עליהם,24
גם,24
תמיכה,24
ארגונית,24
כגון,24
הכשרות,24
והקצאת,24
משאבים,24
לטיפול,24
ביועצות,24
עצמן,24
זאת,24
לצורך,24
שימור,24
השלומות,24
המאפשרת,24
מניעת,24
שחיקה,24
והמשך,24
עבודה,24
מקצועית,24
גם,24
בתנאי,24
קיצון,24
מאת,24
ענבר,24
הון,24
פסיכולוגי,24
התנהגות,24
ורווחה,24
נפשית,24
של,24
גננות,24
בעת,24
מלחמה,24
המאמר,24
האחרון,24
בחלק,24
זה,24
לוסיה,24
טרינצ,24
ר,24
ודורית,24
ארם,24
מוקדש,24
למשאבי,24
החוסן,24
של,24
גננות,24
החוקרות,24
בחנו,24
את,24
משאבי,24
החוסן,24
של,24
גננות,24
על,24
רקע,24
משתנים,24
דמוגרפיים,24
ואחרים,24
שלהן,24
הן,24
מצאו,24
ששלושה,24
משאבי,24
חוסן,24
מרכזיים,24
היו,24
אישיותיים,24
והתנהגותיים,24
אופטימיות,24
תחושת,24
מסוגלות,24
והתנהגויות,24
מיטיבות,24
כלפי,24
ילדים,24
שותפות,24
בין,24
מטפלים,24
עיקריים,24
מנהיגות,24
הבעת,24
חיבה,24
עידוד,24
עצמאות,24
והקפדה,24
על,24
כללים,24
החוקרות,24
בנו,24
מודל,24
שמראה,24
כיצד,24
האופטימיות,24
תורמת,24
לתחושת,24
המסוגלות,24
המקצועית,24
וכיצד,24
זו,24
מתווספת,24
להתנהגויות,24
המיטיבות,24
משתנים,24
אלו,24
נמצאו,24
במתאם,24
עם,24
רמות,24
גבוהות,24
יותר,24
של,24
תקווה,24
ושל,24
שלומות,24
ועם,24
רמות,24
נמוכות,24
יותר,24
של,24
מתח,24
בפרט,24
תחושת,24
המסוגלות,24
העצמית,24
המקצועית,24
סומנה,24
על,24
ידן,24
כגורם,24
חיוני,24
במיוחד,24
במשאבי,24
החוסן,24
נפשי,24
של,24
גננות,24
אלו,24
שחוו,24
ביטחון,24
ביכולתן,24
המקצועית,24
דיווחו,24
על,24
שלומות,24
רבה,24
יותר,24
ועל,24
התנהגות,24
חיובית,24
יותר,24
כלפי,24
ילדי,24
הגן,24
במקביל,24
למשאבים,24
האישיותיים,24
נמצא,24
שהתנהגויות,24
מקצועיות,24
מיטביות,24
ובייחוד,24
מנהיגות,24
והבעת,24
חיבה,24
שהן,24
התנהגויות,24
נרכשות,24
נמצאות,24
במתאם,24
עם,24
שלומות,24
גבוהה,24
יחסית,24
של,24
הגננות,24
כלומר,24
משאבי,24
החוסן,24
קשורים,24
גם,24
להתנהלות,24
מקצועית,24
נרכשת,24
על,24
כן,24
לוסיה,24
טרינצ,24
ר,24
וארם,24
ממליצות,24
על,24
שילוב,24
של,24
פיתוח,24
מקצועי,24
להתנהגויות,24
מיטיבות,24
גם,24
בתור,24
אסטרטגיה,24
לחיזוק,24
החוסן,24
של,24
גננות,24
בעת,24
חירום,24
לפי,24
החוקרות,24
אופטימיות,24
היא,24
השקפת,24
עולם,24
כללית,24
חיובית,24
כלפי,24
החיים,24
המובילה,24
את,24
הפרט,24
להאמין,24
כי,24
הדברים,24
יסתדרו,24
על,24
הצד,24
הטוב,24
ביותר,24
תקווה,24
לפי,24
החוקרות,24
היא,24
תחושה,24
חיובית,24
כלפי,24
העתיד,24
וציפייה,24
להשיג,24
מטרות,24
חשובות,24
בעתיד,24
האופטימיות,24
היא,24
אפוא,24
פסיבית,24
יותר,24
בעוד,24
התקווה,24
מקושרת,24
לנחישות,24
להשיג,24
מטרות,24
לנוכח,24
מכשולים,24
חלק,25
שלישי,25
כלי,25
חוסן,25
התערבויות,25
מעשיות,25
בשעת,25
חירום,25
חלק,25
זה,25
של,25
האסופה,25
עוסק,25
בשלב,25
היישום,25
הוא,25
מתמקד,25
בכלים,25
פסיכולוגיים,25
פדגוגיים,25
וארגוניים,25
לחיזוק,25
חוסן,25
ושלומות,25
של,25
תלמידים,25
ושל,25
עובדי,25
הוראה,25
בזמן,25
אמת,25
המאמרים,25
הכלולים,25
כאן,25
מציעים,25
שורה,25
של,25
התערבויות,25
פרקטיות,25
המבוססות,25
על,25
מחקר,25
שנועדו,25
להתמודד,25
עם,25
מצבי,25
חרדה,25
בלבול,25
חוסר,25
ודאות,25
ועומס,25
מקצועי,25
חלק,25
מההתערבויות,25
מבוססות,25
על,25
סדנאות,25
קצרות,25
או,25
על,25
הדרכות,25
מקוונות,25
ואילו,25
אחרות,25
משולבות,25
בשגרת,25
ההוראה,25
מאפיינים,25
נוספים,25
של,25
ההתערבויות,25
האלו,25
הן,25
מונגשות,25
ואינן,25
תובעות,25
שינוי,25
מערכתי,25
רחב,25
המסר,25
שעולה,25
מחלק,25
זה,25
הוא,25
שלא,25
רק,25
שניתן,25
לחזק,25
חוסן,25
באמצעות,25
אימון,25
אלא,25
שיש,25
מגוון,25
שיטות,25
לעשות,25
זאת,25
בהקשר,25
החינוכי,25
לצד,25
זאת,25
מתחדדת,25
ההכרה,25
שצוותי,25
הוראה,25
אינם,25
רק,25
מתווכים,25
כלים,25
לחיזוק,25
חוסן,25
לתלמידים,25
אלא,25
נדרשים,25
בעצמם,25
לכלים,25
כאלו,25
לכן,25
חשיבותו,25
של,25
חלק,25
שלישי,25
זה,25
של,25
האסופה,25
היא,25
בביסוס,25
היישומיות,25
של,25
כלים,25
לחיזוק,25
חוסן,25
עבור,25
כלל,25
האוכלוסיות,25
במערכת,25
החינוך,25
ובכל,25
עת,25
בשגרה,25
בחירום,25
או,25
בחירום,25
מתמשך,25
אימון,25
מקוון,25
בוויסות,25
רגשות,25
לצורך,25
הפחתת,25
חרדה,25
סטרס,25
דיכאון,25
וחוסר,25
ודאות,25
המאמר,25
הראשון,25
בחלק,25
זה,25
מאת,25
נועם,25
ויינבך,25
הלין,25
שר,25
הדס,25
חברון,25
ואור,25
סגל,25
עוסק,25
כפי,25
שנרמז,25
בשמו,25
בסיוע,25
בקרב,25
בני,25
נוער,25
מפונים,25
לאחת,25
האוכלוסיות,25
שנפגעו,25
ביותר,25
במלחמה,25
מתבגרים,25
שפונו,25
מבתיהם,25
המחקר,25
בחן,25
את,25
ההשפעה,25
של,25
אימון,25
מקוון,25
בקבלה,25
רדיקלית,25
על,25
השלומות,25
של,25
מתבגרים,25
אלו,25
מדובר,25
בכלי,25
מוכר,25
בהקשר,25
של,25
טיפול,25
שנועד,25
לסייע,25
להתמודד,25
עם,25
חוסר,25
ודאות,25
ועם,25
חרדה,25
האימון,25
כלל,25
סדנה,25
חד,25
DBTדיאלקטי,25
התנהגותי,25
דקות,25
ותרגולים,25
מקוונים,25
עצמאיים,25
שנפרסו,25
על,25
פני,25
עשרה,25
ימים,25
הממצאים,25
מצביעים,25
על,25
פעמית,25
בת,25
שיפור,25
מובהק,25
במדדים,25
רגשיים,25
של,25
דיכאון,25
חרדה,25
ומתח,25
ובמדדים,25
תפקודיים,25
כגון,25
קושי,25
בוויסות,25
רגשי,25
בני,25
הנוער,25
שתרגלו,25
את,25
המיומנות,25
דיווחו,25
גם,25
על,25
עלייה,25
ברגשות,25
חיוביים,25
מה,25
שמעיד,25
על,25
אפקט,25
כפול,25
לדברי,25
החוקרים,25
כלי,25
אימון,25
זה,25
הוא,25
פשוט,25
וזמין,25
וניתן,25
ליישמו,25
בהיקפים,25
גדולים,25
במערכת,25
החינוך,25
גם,25
בעת,25
חירום,25
הכלי,25
השני,25
שמוצג,25
בחלק,25
זה,25
דומה,25
מעט,25
לקבלה,25
רדיקלית,25
אך,25
מתמקד,25
ביחס,25
לעצמי,25
ולא,25
ביחס,25
לסביבתו,25
חמלה,25
עצמית,25
כמחזקת,25
חוסן,25
רווחה,25
נפשית,25
ואכפתיות,25
כלפי,25
תלמידים,25
בקרב,25
צוותי,25
הוראה,25
בתקופת,25
המאמר,25
מאת,25
עופרה,25
מייזלס,25
יפית,25
אורבך,25
ואיריס,25
וולברג,25
מציג,25
שתי,25
התערבויות,25
סדנה,25
קצרה,25
מלחמת,25
חרבות,25
ברזל,25
שעות,25
שכללה,25
תרגול,25
חמלה,25
עצמית,25
שעות,25
שעסקה,25
בעיקר,25
בחמלה,25
עצמית,25
והשתלמות,25
ארוכה,25
מיינדפולנס,25
זיהוי,25
רגשות,25
שליליים,25
בעצמי,25
והתמודדות,25
עימם,25
וכן,25
הכרת,25
הטוב,25
החוקרות,25
גם,25
מראות,25
ששתי,25
ההתערבויות,25
ובעיקר,25
הארוכה,25
שבהן,25
השפיעו,25
לטובה,25
על,25
השלומות,25
של,25
צוותי,25
הוראה,25
במהלך,25
המלחמה,25
בין,25
היתר,25
נמצא,25
כי,25
ההתערבויות,25
הובילו,25
לעלייה,25
בחמלה,25
העצמית,25
ולשיפור,25
החוסן,25
לעלייה,25
ברגשות,25
חיוביים,25
החוקרות,25
ממליצות,25
לשלב,25
התערבויות,25
מסוג,25
ולירידה,25
במדדי,25
דיכאון,25
חרדה,25
ותסמינים,25
פוסט,25
טראומטיים,25
זה,25
באופן,25
שיטתי,25
בהכשרות,25
מקצועיות,25
ובתמיכה,25
השוטפת,25
בעובדי,25
הוראה,25
ות,25
עם,25
משבר,25
מלחמת,25
חרבות,25
ות,25
ומתבגרים,25
התמודדותם,25
של,25
מורים,25
גם,25
המאמר,25
השלישי,25
בחלק,25
זה,25
מאת,25
דנה,25
לסרי,25
ג,25
וי,25
בנטוב,25
ונוגה,25
כהן,25
בחן,25
בין,25
ברזל,25
שלו,25
מו,25
ת,25
וקידום,25
חוסן,25
באמצעות,25
התערבות,25
מקוונת,25
היתר,25
את,25
הכלי,25
של,25
חמלה,25
עצמית,25
אבל,25
גם,25
בהקשר,25
לתלמידים,25
וגם,25
בהקשר,25
לצוותי,25
הוראה,25
בדומה,25
למחקרים,25
אחרים,25
באסופה,25
נקודת,25
המוצא,25
שלו,25
הייתה,25
שהמלחמה,25
הובילה,25
לרמות,25
גבוהות,25
של,25
דיכאון,25
חרדה,25
ותשישות,25
חמלה,25
אצל,25
מורים,25
במקביל,25
לכך,25
היא,25
הובילה,25
בקרב,25
מתבגרים,25
לתחושות,25
מצוקה,25
פגיעה,25
בשינה,25
וירידה,25
במעורבות,25
בבית,25
הספר,25
הכלים,25
המקוונים,25
שנבדקו,25
במחקר,25
ויסות,25
עצמי,25
וחמלה,25
עצמית,25
סייעו,25
בשיפור,25
מצב,25
הרוח,25
של,25
מורות,25
ומורים,25
ובהפחתת,25
תחושות,25
של,25
תשישות,25
במיוחד,25
בקרב,25
מי,25
שחשו,25
עומס,25
רגשי,25
מהמצוקה,25
של,25
תלמידיהם,25
בקרב,25
מתבגרים,25
נמצא,25
שמטלת,25
כתיבה,25
רפלקטיבית,25
בסגנון,25
מכתב,25
עזרה,25
עצמי,25
שיפרה,25
את,25
המצב,25
הרגשי,25
המיידי,25
לא,25
נמצא,25
שינוי,25
בהתנהגות,25
חיובית,25
כלפי,25
תלמידים,25
על,25
פי,25
דיווח,25
אנשי,25
ונשות,25
ההוראה,25
אך,25
מראש,25
במועד,25
המדידה,25
הראשון,25
רמת,25
האכפתיות,25
כלפי,25
התלמידים,25
הייתה,25
גבוהה,25
כך,25
שהאפשרות,25
לשינוי,25
לטובה,25
הייתה,25
נמוכה,25
המחקר,26
מדגיש,26
כי,26
גם,26
בתקופה,26
רוויית,26
חוסר,26
ודאות,26
ניתן,26
להפעיל,26
כלים,26
פשוטים,26
ונגישים,26
בזירה,26
הדיגיטלית,26
שיחזקו,26
את,26
מנגנוני,26
החוסן,26
האישיים,26
והחברתיים,26
ובכלל,26
זה,26
ויסות,26
רגשי,26
חמלה,26
עצמית,26
ותמיכה,26
ויובילו,26
לשיפור,26
ממשי,26
ברווחה,26
הנפשית,26
לממצאים,26
אלו,26
תרומה,26
מעשית,26
בדמות,26
הדרכים,26
שבהן,26
מערכת,26
החינוך,26
יכולה,26
לפעול,26
במהירות,26
וביעילות,26
בעת,26
משבר,26
תוך,26
שימוש,26
בתשתיות,26
קיימות,26
וללא,26
תלות,26
במפגשים,26
פנים,26
אל,26
פנים,26
מירי,26
גולדרט,26
אריאל,26
כנפו,26
ירון,26
סלע,26
שרון,26
הלר,26
קייזר,26
ודנה,26
קצוטי,26
תרמו,26
מאמר,26
גם,26
לחלק,26
המעשי,26
של,26
אסופה,26
החוסן,26
הפסיכולוגי,26
של,26
מתבגרים,26
ומתבגרות,26
במלחמת,26
חרבות,26
ברזל,26
חקר,26
משווה,26
בין,26
המשתתפים,26
זו,26
בשם,26
ובו,26
נבדקו,26
משאבי,26
החוסן,26
של,26
בני,26
והלא,26
משתתפים,26
בתוכניות,26
מנהיגות,26
נוער,26
במרכז,26
הארץ,26
ליישובים,26
מפונים,26
נוער,26
במהלך,26
המלחמה,26
תוך,26
השוואה,26
של,26
בני,26
נוער,26
המשתתפים,26
במסגרות,26
חינוך,26
א,26
פורמלי,26
לכאלו,26
שאינם,26
משתתפים,26
בהן,26
הממצאים,26
מראים,26
כי,26
בני,26
נוער,26
שהיו,26
פעילים,26
במסגרות,26
אלו,26
השתמשו,26
בכלים,26
רבים,26
יותר,26
לחיזוק,26
חוסן,26
וכי,26
שלומותם,26
הייתה,26
גבוהה,26
יותר,26
בהשוואה,26
לשלומות,26
של,26
בני,26
נוער,26
שלא,26
השתתפו,26
במסגרות,26
כאלו,26
התנהגויות,26
חברתיות,26
אלטרואיסטיות,26
כגון,26
נדיבות,26
אכפתיות,26
ואחריות,26
חברתית,26
נמצאו,26
במתאם,26
עם,26
תחושת,26
משמעות,26
תחושת,26
שייכות,26
ועם,26
חוסן,26
לדברי,26
החוקרים,26
עצם,26
ההשתייכות,26
למסגרת,26
חינוכית,26
שמדגישה,26
בחירה,26
אישית,26
והזדהות,26
ערכית,26
תרמה,26
לשימוש,26
יעיל,26
יותר,26
באסטרטגיות,26
התמודדות,26
עם,26
קשיים,26
רגשיים,26
כלומר,26
על,26
אף,26
שלא,26
היה,26
מדובר,26
במסגרת,26
תרפויטית,26
מלכתחילה,26
היא,26
אפשרה,26
לתלמידים,26
לחזק,26
תכונות,26
שמזוהות,26
עם,26
חוסן,26
לפיכך,26
הם,26
טוענים,26
שלמסגרות,26
החינוך,26
הא,26
פורמלי,26
יש,26
פוטנציאל,26
לא,26
רק,26
כמוקד,26
של,26
הקניית,26
ערכים,26
אלא,26
גם,26
כמרחב,26
לטיפוח,26
חוסן,26
אישי,26
וחוסן,26
חברתי,26
שיכולים,26
להיות,26
מענה,26
יעיל,26
גם,26
בזמן,26
משבר,26
מאת,26
REACT,26
חינוך,26
פוליטי,26
בעת,26
משבר,26
לאומי,26
המשגה,26
מחודשת,26
ויישומית,26
באמצעות,26
מודל,26
המאמר,26
קרן,26
קטקו,26
איילי,26
אדר,26
כהן,26
וניר,26
מיכאלי,26
חותם,26
חלק,26
זה,26
ואת,26
האסופה,26
כולה,26
המאמר,26
מציע,26
כלי,26
חינוכי,26
פדגוגי,26
המשלב,26
שיטות,26
פעולה,26
שניתן,26
ליישם,26
בכיתה,26
לעיסוק,26
בסוגיות,26
אקטואלית,26
בנושאים,26
שנמצאים,26
במחלוקת,26
ציבורית,26
כלי,26
זה,26
מציע,26
ליווי,26
לתלמידים,26
שנמצאים,26
בטלטלה,26
כך,26
הוא,26
מייצר,26
רובד,26
משלים,26
למענים,26
מציע,26
למורות,26
ומורים,26
בעת,26
מצבי,26
REACTאחרים,26
שמוצגים,26
בחלק,26
זה,26
של,26
האסופה,26
שהתמקדו,26
בחוסן,26
מודל,26
קונפליקט,26
פוליטי,26
סוער,26
בכיתה,26
מענה,26
מובנה,26
על,26
ידי,26
שימוש,26
בעקרונות,26
פעולה,26
הכרה,26
ברגשות,26
אוריינות,26
פוליטית,26
והעשרת,26
ידע,26
פוליטי,26
וחברתי,26
פיתוח,26
מיומנויות,26
חשיבה,26
ביקורתית,26
גיבוש,26
עמדה,26
וטיפוח,26
פעולה,26
חברתית,26
אזרחית,26
אחראית,26
החידוש,26
המרכזי,26
שהחוקרים,26
מציגים,26
כאן,26
הוא,26
הפיכה,26
של,26
רגש,26
מ,26
מכשול,26
אפשרי,26
למנוף,26
חינוכי,26
צוותי,26
הוראה,26
אינם,26
נדרשים,26
עוד,26
להתעלם,26
מביטוי,26
של,26
רגשות,26
סוערים,26
בכיתה,26
בעקבות,26
דיון,26
פוליטי,26
להכיל,26
אותם,26
מציע,26
לנתב,26
רגשות,26
אלו,26
לתהליך,26
מובנה,26
של,26
עיבוד,26
רגשי,26
הבנה,26
REACTאו,26
לעקוף,26
אותם,26
במקום,26
זאת,26
מודל,26
ודיון,26
מושכל,26
זאת,26
לצורך,26
התמרה,26
של,26
הרגשות,26
הפוליטיים,26
להבנה,26
פוליטית,26
עמוקה,26
ולמעורבות,26
אזרחית,26
המודל,26
כולל,26
הנחיות,26
ברורות,26
להובלת,26
שיח,26
כיתתי,26
מערכי,26
שיעור,26
ותרחישים,26
הנותנים,26
מענה,26
להתמודדות,26
עם,26
מצבים,26
מורכבים,26
כך,26
הוא,26
מוסיף,26
רובד,26
רגשי,26
פוליטי,26
בהקשר,26
האקטואלי,26
ומסייע,26
למורות,26
ולמורים,26
להתמודד,26
בכיתה,26
בזמן,26
אמת,26
עם,26
הרגשות,26
שצפים,26
כתוצאה,26
מהמשבר,26
מאמרי,26
האסופה,26
מוליכים,26
אותנו,26
מתיאור,26
המצוקה,26
הרגשית,26
הרבה,26
שנחוותה,26
אצל,26
תלמידים,26
ומשפחותיהם,26
ואצל,26
עובדות,26
ועובדי,26
הוראה,26
דרך,26
מקורות,26
העוצמה,26
הפנימית,26
והחוסן,26
שכל,26
פרט,26
יכול,26
למצוא,26
בעצמו,26
ושניתן,26
לסייע,26
לו,26
לטפח,26
ברמת,26
הפרט,26
וברמת,26
החברה,26
והם,26
מסתיימים,26
בשורה,26
של,26
כלים,26
ודרכים,26
שנמצאו,26
מועילים,26
לקידום,26
החוסן,26
בחינת,26
הכלים,26
והדרכים,26
הללו,26
חשובה,26
גם,26
במקרה,26
של,26
מלחמת,26
חרבות,26
ברזל,26
וגם,26
באופן,26
כללי,26
יותר,26
לראיה,26
מחקרי,26
האסופה,26
מרבים,26
להשוות,26
את,26
המשבר,26
העמוק,26
שהמלחמה,26
שהתמשכה,26
כשנתיים,26
ייצגה,26
למשבר,26
הקורונה,26
או,26
למשברים,26
שמלחמות,26
גרמו,26
למערכות,26
חינוך,26
במדינות,26
אחרות,26
מהשוואה,26
זו,26
ניתן,26
ללמוד,26
גם,26
על,26
כלל,26
ההשפעות,26
ארוכות,26
הטווח,26
הרגשיות,26
והתפקודיות,26
הצפויות,26
ממשבר,26
כזה,26
וכן,26
על,26
החשיבות,26
של,26
פיתוח,26
חוסן,26
בכלל,26
מערכת,26
החינוך,26
בין,26
היתר,26
לפי,26
הכלים,26
שמוצגים,26
באסופה,26
נספח,27
חלק,27
ראשון,27
תמונת,27
מצב,27
מערכת,27
החינוך,27
בשעת,27
חירום,27
מהיר,27
אינטרנטי,27
הנוער,27
סקר,27
בני,27
על,27
ברזל,27
חרבות,27
מלחמת,27
השפעת,27
הדופק,27
על,27
יד,27
סקר,27
מאת,27
יוסי,27
הראל,27
פיש,27
ב,27
י,27
עד,27
ז,27
כיתות,27
בגילאי,27
נוער,27
בני,27
של,27
ארצי,27
מייצג,27
מדגם,27
על,27
וסופי,27
וולש,27
ביניים,27
וחטיבות,27
תיכון,27
ותלמידות,27
תלמידי,27
בקרב,27
ספר,27
בבית,27
חיים,27
ואיכות,27
הנפשי,27
המצב,27
הסבר,27
מאת,27
מור,27
נחום,27
יפית,27
גלבוע,27
ולנה,27
ליפסקיה,27
ויליקובסקיברזל,27
חרבות,27
מלחמת,27
בזמן,27
ומרחב,27
פרקטיקות,27
זמן,27
ברזל,27
ארגון,27
חרבות,27
במלחמת,27
למפונים,27
ספר,27
בבתי,27
ספרי,27
הבית,27
הדקדוק,27
מאת,27
זיו,27
גולדברג,27
וגדעון,27
דישוןחברתית,27
רגשית,27
ועבודה,27
ולמידה,27
הוראה,27
ופתרונות,27
מבניים,27
אתגרים,27
העימות,27
היבטים,27
מקווי,27
מפונים,27
לתלמידים,27
בחירום,27
ספר,27
בתי,27
מאת,27
דורית,27
טובין,27
ושרון,27
לבוןאפשריים,27
מפונים,27
נוער,27
בני,27
בקרב,27
בלמידה,27
ומעורבות,27
ת,27
המחנכ,27
בסיסיים,27
תפיסת,27
פסיכולוגיים,27
צרכים,27
מאת,27
לילך,27
שלו,27
מבורך,27
אילנית,27
הוכמיץ,27
יעל,27
שקד,27
ענבל,27
רווה,27
וטל,27
אליס,27
יחד,27
במרכזי,27
הראייה,27
מזוויות,27
ברזל,27
חרבות,27
מלחמת,27
בעת,27
עקה,27
וסטרס,27
הספר,27
בית,27
של,27
ותפקודו,27
תפקידיו,27
מאת,27
רות,27
ברקוביץ,27
נטע,27
אחדות,27
ורמי,27
בנבנישתיוההורים,27
החינוכי,27
הצוות,27
של,27
ממלכתי,27
ספר,27
בבית,27
וערבים,27
יהודים,27
תלמידים,27
עם,27
המלחמה,27
אירועי,27
עם,27
מורות,27
התמודדות,27
מאת,27
עידית,27
פסט,27
רותם,27
טרכטנברג,27
מסלטון,27
ומיכל,27
שפירא,27
יונגרעברי,27
חלק,27
שני,27
משאבי,27
חוסן,27
בין,27
כישורים,27
אישיים,27
לתמיכה,27
קהילתית,27
בדרום,27
פגיעות,27
חוסן,27
החיים,27
קהילה,27
ואנשי,27
נוער,27
משפחותיהם,27
בני,27
של,27
וקולם,27
מחשבותיהם,27
מאת,27
מירי,27
שרףברזל,27
חרבות,27
במלחמת,27
וצמיחה,27
מאת,27
ברזל,27
חרבות,27
בתקופת,27
תיכון,27
תלמידי,27
של,27
יומיום,27
בפעילויות,27
והשתתפות,27
חוסן,27
תמיכות,27
ענת,27
גולוס,27
מירי,27
טל,27
סבן,27
ונעמי,27
וינטראוב,27
בתקופת,27
בישראל,27
נוער,27
בני,27
בקרב,27
מיטביות,27
ותחושת,27
חברתית,27
במדיה,27
שונים,27
שימושים,27
בין,27
הקשר,27
מאת,27
יעל,27
מלין,27
קריסטה,27
אסטרחן,27
ויעלי,27
גרדיןהמלחמה,27
והורים,27
נוער,27
בני,27
של,27
מלחמה,27
פרספקטיבות,27
בעת,27
חוסן,27
לפיתוח,27
כזירה,27
החברתיות,27
הרשתות,27
מאת,27
אלה,27
דניאל,27
נעמהברזל,27
חרבות,27
מלחמת,27
לתקופת,27
הקשורים,27
בנושאים,27
טווח,27
קצר,27
מחקר,27
אפל,27
דורון,27
תמר,27
פרידלנדר,27
נעם,27
גררה,27
היילפרין,27
ואלינה,27
שיטרית,27
של,27
להבנה,27
אורך,27
מחקר,27
ברשת,27
והתנהגות,27
מלחמה,27
מתבגרים,27
ערכים,27
של,27
בימים,27
חוסן,27
מאתברזל,27
חרבות,27
מלחמת,27
בזמן,27
בישראל,27
נוער,27
בני,27
של,27
החוסן,27
מושג,27
על,27
חדשה,27
פרספקטיבה,27
שרון,27
קייזר,27
הלר,27
אריאל,27
כנפו,27
נעם,27
דנה,27
קצוטי,27
מירי,27
גולדרט,27
וירון,27
סלע,27
למידה,28
מיומנויות,28
ברזל,28
קידום,28
חרבות,28
מלחמת,28
בתקופת,28
מדעיים,28
מקצועות,28
בהוראת,28
אתגרים,28
מאת,28
זהבית,28
כהן,28
וענבל,28
קולושיטכנולוגיה,28
מבוסס,28
הנדסי,28
חקר,28
פרויקט,28
בתכנון,28
רגשית,28
חברתית,28
מינסקר,28
מאת,28
יעל,28
מלין,28
ומקצועיים,28
פסיכולוגיים,28
ברזל,28
היבטים,28
חרבות,28
מלחמת,28
בצל,28
בישראל,28
מורים,28
תום,28
גומפל,28
ומור,28
נחום,28
מאת,28
טל,28
בן,28
ארי,28
אורלי,28
ליפקה,28
ומירי,28
ותמיכה,28
מקצועיים,28
מלחמה,28
שחיקה,28
אתגרים,28
בזמן,28
הוראה,28
שריד,28
מהחברה,28
חינוכיות,28
יועצות,28
של,28
התמודדות,28
ומשאבי,28
רגשית,28
ברזל,28
רווחה,28
חרבות,28
מלחמת,28
מאת,28
משה,28
טטר,28
יוליה,28
ליפשיץ,28
ברזילר,28
סימה,28
עמרם,28
וקניןמתמשך,28
חירום,28
של,28
במצב,28
היהודית,28
אינה,28
בן,28
אורי,28
וטליה,28
לביא,28
ישורון,28
מאת,28
ענבר,28
לוסיה,28
טרינצ,28
ר,28
מלחמה,28
בעת,28
גננות,28
של,28
נפשית,28
ורווחה,28
פסיכולוגי,28
התנהגות,28
הון,28
ודורית,28
ארם,28
חלק,28
שלישי,28
כלי,28
חוסן,28
התערבויות,28
מעשיות,28
בשעת,28
חירום,28
בני,28
בקרב,28
ודאות,28
וחוסר,28
חרדה,28
סטרס,28
דיכאון,28
הפחתת,28
לצורך,28
רגשות,28
בוויסות,28
מקוון,28
אימון,28
מאת,28
נועם,28
ויינבך,28
הלין,28
שר,28
הדס,28
חברון,28
ואור,28
סגלמפונים,28
נוער,28
הוראה,28
צוותי,28
בקרב,28
תלמידים,28
כלפי,28
ואכפתיות,28
נפשית,28
חוסן,28
רווחה,28
כמחזקת,28
עצמית,28
חמלה,28
מאת,28
עופרה,28
מייזלס,28
יפית,28
אורבך,28
ואיריס,28
וולברגברזל,28
חרבות,28
מלחמת,28
בתקופת,28
וקידום,28
ברזל,28
שלו,28
מו,28
ת,28
חרבות,28
מלחמת,28
משבר,28
עם,28
ומתבגרים,28
ות,28
מורים,28
ות,28
של,28
התמודדותם,28
מאת,28
דנה,28
לסרי,28
ג,28
וי,28
בנטוב,28
ונוגה,28
כהןמקוונת,28
התערבות,28
באמצעות,28
חוסן,28
המשתתפים,28
בין,28
משווה,28
ברזל,28
חקר,28
חרבות,28
במלחמת,28
ומתבגרות,28
מתבגרים,28
של,28
הפסיכולוגי,28
החוסן,28
מאת,28
מירי,28
גולדרטמפונים,28
ליישובים,28
הארץ,28
במרכז,28
נוער,28
מנהיגות,28
בתוכניות,28
משתתפים,28
והלא,28
אריאל,28
כנפו,28
ירון,28
סלע,28
שרון,28
הלר,28
קייזר,28
ודנה,28
קצוטי,28
מאת,28
REACT,28
מודל,28
באמצעות,28
ויישומית,28
מחודשת,28
לאומי,28
המשגה,28
משבר,28
בעת,28
פוליטי,28
חינוך,28
קרן,28
קטקו,28
איילי,28
אדר,28
כהן,28
וניר,28
מיכאלי,28
