1	3951	1
1	3665	1
1	3960	1
1	343	1
1	1381	1
1	3278	1
1	5536	1
1	4835	1
1	5166	1
1	2564	1
1	378	1
1	1823	1
1	4638	1
1	5625	2
1	5490	1
1	3983	1
1	4522	1
1	1484	1
1	476	1
1	2188	1
1	794	1
1	729	4
1	4482	1
1	708	1
1	5553	1
1	3766	7
1	4336	1
1	4278	1
1	3086	1
1	5285	1
1	5406	1
1	2134	1
1	783	1
1	5151	1
1	5284	1
1	5600	1
1	669	1
1	1992	1
1	4162	1
1	3455	1
1	1873	1
1	2519	1
1	828	2
1	1827	2
1	4373	1
1	4947	2
1	849	2
1	269	1
1	5363	2
1	2777	1
1	5644	1
1	2179	3
1	2187	1
1	5456	1
1	1665	2
1	1720	1
1	2079	1
1	5622	1
1	3073	1
1	682	1
1	3912	1
1	5609	1
1	2488	1
1	4637	1
1	3771	1
1	823	1
1	4530	1
1	2016	1
1	1789	1
1	2818	1
1	2219	1
1	5029	1
1	2984	1
1	5630	1
1	3768	1
1	4424	1
1	4314	2
1	4229	1
1	3711	1
1	2673	1
1	5653	1
1	4454	1
1	629	1
1	555	1
1	2044	1
1	544	1
1	1362	1
1	5118	1
1	2780	1
1	976	1
1	2281	1
1	1988	1
1	492	1
1	5052	1
2	3951	1
2	5180	1
2	959	1
2	4591	1
2	321	1
2	2929	1
2	822	1
2	1762	1
2	3455	1
2	2204	1
2	5655	1
2	703	2
2	1877	2
2	4221	1
2	1671	1
2	397	1
2	4196	1
2	5656	1
2	4124	2
2	2020	2
2	411	1
2	1970	1
2	1445	1
2	2947	1
2	1328	1
2	642	1
2	4351	1
2	5625	1
2	4337	1
2	2472	1
2	1496	1
2	372	1
2	1651	1
2	5207	1
2	1869	1
2	1400	1
2	2739	1
3	4173	1
3	4943	1
3	1823	1
3	4103	1
3	3548	1
3	415	1
3	4151	1
3	3119	1
3	943	1
3	1673	1
3	4362	1
3	5572	1
3	4022	1
3	3400	1
3	3965	1
3	3925	1
3	4242	1
3	3703	1
3	618	1
3	402	1
4	3951	1
4	4777	1
4	3652	1
4	267	1
4	4730	1
4	3157	1
4	5183	1
4	2252	1
4	5342	1
4	2477	1
4	5492	1
4	773	1
4	2664	1
4	3878	1
4	1616	1
4	1520	1
4	2025	1
4	4222	1
4	3119	2
4	943	2
4	3093	1
4	4512	1
4	4881	1
4	3608	1
4	4329	1
4	1444	1
4	676	1
4	4221	1
4	2800	1
4	415	1
4	1352	1
4	1427	1
4	2024	1
4	778	1
4	5625	1
4	2857	1
4	1395	1
4	4430	1
4	3056	1
4	4849	1
4	2541	1
4	2866	1
4	3376	1
4	3614	1
4	1434	1
5	3951	1
5	4194	1
5	328	1
5	3159	1
5	5165	1
5	5163	1
5	3022	1
5	2844	1
5	5162	1
5	4362	1
5	4242	1
5	5186	1
5	5303	1
5	756	1
5	4507	1
5	628	1
5	1252	1
5	2294	1
5	564	1
5	4324	2
5	2311	1
5	3995	1
5	1996	1
5	4367	1
5	5626	1
5	4114	1
5	1194	1
5	4667	1
5	3216	1
5	2499	1
5	1018	1
5	2368	1
5	2800	1
5	2649	1
5	5635	1
5	4985	1
5	2873	1
5	5522	1
5	5205	1
5	3811	1
5	4013	1
5	3523	1
5	4110	1
5	2638	1
5	2645	1
5	1014	1
5	5277	1
6	3951	1
6	5387	1
6	3461	1
6	3198	4
6	348	3
6	4693	1
6	1740	1
6	2733	1
6	253	1
6	5637	1
6	782	1
6	1935	1
6	3360	1
6	1438	1
6	3678	1
6	2123	1
6	4457	1
6	4514	1
6	2354	1
6	5085	1
6	1236	1
6	5625	1
6	4110	1
6	2907	1
6	4593	1
6	4117	1
6	4431	1
6	3361	1
6	1860	1
6	1759	1
6	3915	1
6	2675	1
6	4282	1
6	2706	1
6	5687	1
6	1284	3
6	1078	1
6	4887	1
6	4595	1
6	1823	1
6	642	1
6	5215	1
6	398	2
6	533	1
6	4749	3
6	1577	1
6	3741	1
6	4422	1
6	2150	1
6	1894	1
6	515	1
6	2192	1
6	2395	1
6	2159	1
6	3583	1
6	2529	1
6	1505	1
6	5219	2
6	3647	1
6	4455	1
6	1913	1
6	1319	1
6	5570	1
6	5371	1
6	4456	1
6	2848	1
6	848	1
6	3538	1
6	2654	1
6	3474	1
6	572	1
6	3863	1
6	5579	1
6	662	1
6	2248	1
7	3951	1
7	1129	1
7	3141	1
7	4612	1
7	4976	1
7	2821	1
7	1155	1
7	1823	1
7	3455	1
7	5570	1
7	1478	2
7	4934	1
7	1284	3
7	2993	1
7	3484	1
7	1937	1
7	2461	1
7	4031	1
7	4015	1
7	2099	1
7	3374	1
7	1194	1
7	1281	1
7	5440	1
7	1727	1
7	5590	1
7	3875	1
7	703	2
7	1877	3
7	3497	1
7	1653	1
7	5269	1
7	4638	1
7	971	1
7	3118	1
7	4400	1
7	1698	1
7	4402	1
7	636	2
7	2153	3
7	2450	1
7	4251	1
7	4484	1
7	863	2
7	4739	1
7	1516	1
7	361	1
7	2447	1
7	4832	1
7	1723	1
7	4469	1
7	1500	1
7	799	1
7	2118	1
7	3952	1
7	5171	1
7	1326	1
7	2472	1
7	4483	1
7	2220	1
7	3386	1
7	4054	1
7	2883	1
7	4174	1
7	2077	1
7	1670	1
7	2431	1
7	3885	1
7	4538	1
7	4304	1
7	5510	1
7	1587	1
7	2389	1
7	4510	1
7	670	1
7	2098	1
7	1597	1
7	2786	1
7	5372	1
7	4496	1
7	4302	1
7	3899	1
7	5381	1
7	4456	1
7	1693	1
7	4501	1
7	3884	1
7	2150	1
7	5479	1
7	1480	1
7	2473	1
8	3951	1
8	363	1
8	1103	1
8	3200	1
8	3675	1
8	942	1
8	4434	1
8	3144	1
8	2824	1
8	4669	1
8	642	1
8	2101	1
8	509	1
8	4394	1
8	1326	5
8	5418	1
8	593	1
8	4329	1
8	1444	1
8	1697	1
8	1181	2
8	3102	1
8	4534	1
8	5674	1
8	2998	1
8	4826	1
8	3387	1
8	5653	2
8	1649	2
8	2498	1
8	1156	1
8	4455	1
8	1249	1
8	807	3
8	2166	1
8	3601	1
8	3602	1
8	1445	1
8	1640	1
8	1771	1
8	4535	1
8	338	1
8	3972	1
8	1057	1
8	4259	2
8	5222	1
8	3566	1
8	4973	1
8	1395	2
8	2241	1
8	3340	1
8	3794	1
8	1749	1
8	4110	2
8	1604	1
8	5383	2
8	4861	1
8	5599	1
8	5426	1
8	3231	1
8	2005	1
8	4862	1
8	4005	1
8	4851	1
8	508	1
8	1983	3
8	1244	1
8	5531	1
8	4366	1
8	5079	1
8	2525	1
8	4398	1
8	1651	1
8	3997	1
8	2100	1
8	1935	1
8	3245	1
8	3919	1
8	1875	1
8	5421	1
8	3125	2
8	4932	1
8	358	1
8	2177	1
8	2549	1
8	3578	1
8	4525	1
8	3229	1
8	5140	1
8	4344	1
8	2464	1
8	5193	1
8	3922	1
8	1561	1
8	1179	1
8	2875	1
9	4805	1
9	1035	1
9	3157	1
9	5183	1
9	2252	1
9	5339	1
9	4368	1
9	1268	1
9	3239	1
9	3707	1
9	3683	1
9	3035	1
9	2714	1
9	3791	1
9	1305	1
9	781	1
9	4786	1
9	4024	1
9	2730	1
9	5504	1
9	3987	1
9	420	2
9	4953	1
9	2303	1
9	3550	1
9	5362	1
9	3321	1
9	2557	1
10	3637	1
10	5191	1
10	2252	1
10	5339	1
10	1825	1
10	598	1
10	5594	1
10	1341	1
10	2422	1
10	3721	1
10	1967	2
10	882	3
10	5047	4
10	4972	1
10	1880	1
10	3981	1
10	3550	2
10	4320	1
10	5136	1
10	4739	1
10	1878	1
10	2001	1
10	3444	1
10	4345	1
10	4180	2
10	1347	1
10	5294	1
10	4502	1
10	373	1
10	3403	1
10	480	2
10	1175	2
10	4211	1
10	2179	1
10	3848	1
10	1968	1
10	3947	1
10	4769	1
10	1832	1
11	4592	1
11	728	1
11	4758	1
11	1878	1
11	3455	1
11	484	1
11	295	1
11	4192	1
11	4749	2
11	4261	1
11	447	1
11	1719	1
11	4932	1
11	3198	1
11	3046	1
11	3396	1
11	3469	1
11	5505	1
11	2295	1
11	3875	1
11	2150	1
11	1447	1
11	1111	1
11	4176	1
11	3215	1
11	3946	1
11	1739	1
11	4766	1
11	4398	1
11	430	1
11	2591	1
11	3327	1
11	3629	1
11	1490	1
11	2637	1
11	1939	1
11	4744	1
11	3181	1
11	4399	1
11	1006	1
11	742	1
11	1209	1
11	1214	1
11	1681	1
11	4260	1
11	3045	1
11	428	1
11	2575	1
11	1124	1
12	4592	1
12	727	1
12	1699	1
12	5572	1
12	4303	1
12	4751	1
12	5055	1
12	5090	1
12	2943	1
12	1006	1
12	4749	1
12	4925	1
12	414	2
12	1880	1
12	4450	1
12	4412	1
12	2783	1
12	1998	1
12	5658	1
12	4328	1
12	1444	1
12	1019	1
12	5384	1
12	5407	1
12	2189	1
12	505	1
12	1504	1
12	1588	1
12	5661	1
12	3323	1
12	2275	1
12	2154	1
12	553	1
12	4187	1
13	3951	1
13	1025	1
13	4566	1
13	5214	1
13	1054	1
13	2869	1
13	5317	1
13	325	1
13	4568	1
13	3892	1
13	301	1
13	1981	1
13	1789	1
13	1240	1
13	2388	1
13	2172	1
13	802	1
13	1424	1
13	2684	1
13	3761	1
13	1705	1
13	3929	1
13	4320	1
13	3823	1
13	1270	2
13	514	1
13	1006	2
13	4749	1
13	410	1
13	733	1
13	2170	1
13	1904	1
13	1980	1
13	2166	1
13	3807	1
13	1445	1
13	5344	1
13	862	1
13	4134	1
13	1877	2
13	1715	1
13	4390	1
13	632	1
13	262	1
13	3088	1
13	1866	1
13	2286	1
13	4142	1
13	3445	1
13	4986	1
13	5602	1
13	1972	1
13	513	1
13	3478	1
13	3975	1
13	3084	1
13	2098	1
13	1447	1
13	1888	1
13	703	1
13	731	1
13	4552	1
13	3615	1
13	4817	1
13	2928	1
13	463	1
13	261	1
13	5205	1
13	3924	1
13	1117	1
13	4049	1
13	501	1
13	2331	1
14	3951	1
14	3278	1
14	365	1
14	4835	1
14	819	1
14	1061	1
14	2876	1
14	3166	1
14	3132	1
14	4367	1
14	3848	1
14	4932	1
14	4013	3
14	4439	1
14	796	1
14	3774	1
14	1186	1
14	1197	1
14	1446	1
14	2476	1
14	2190	1
14	789	1
14	5279	2
14	4375	1
14	572	2
14	1334	1
14	3975	1
14	3084	1
14	4070	1
14	3372	1
14	3530	1
14	4860	1
14	1627	1
14	2660	1
14	4775	1
14	3430	1
14	1288	1
14	1655	1
14	3447	1
14	2621	1
14	1905	1
14	5611	1
14	1006	2
14	4749	3
14	410	4
14	856	1
14	478	1
14	5022	1
14	273	1
14	1804	1
14	4201	1
14	920	1
14	2831	2
14	1117	1
14	4818	1
14	3474	1
14	665	1
14	3887	1
14	1812	1
14	555	1
14	1185	1
14	2171	1
14	1935	1
14	2441	1
14	3124	1
14	3825	1
14	1715	1
14	4509	1
14	645	1
14	5473	1
14	874	1
14	1202	1
14	3374	1
14	852	1
14	1865	1
14	3194	1
14	5024	1
14	3576	1
14	788	1
14	3909	1
14	3976	1
14	4879	1
15	3951	1
15	5182	1
15	5101	1
15	4800	1
15	532	2
15	1877	3
15	2168	2
15	1538	1
15	1798	1
15	1621	1
15	1594	1
15	1943	1
15	4091	1
15	703	1
15	2754	1
15	2064	1
15	5625	1
15	2739	1
15	4316	1
15	3086	1
15	3033	1
15	5670	1
15	2885	1
15	1194	1
15	4573	1
15	2792	1
15	4451	1
15	1654	1
15	1132	1
16	3878	1
16	1616	1
16	2038	1
16	1673	1
16	2113	1
16	5315	1
16	2892	1
16	719	1
16	1927	1
16	1448	1
16	3421	1
16	5537	1
16	2087	1
16	4663	1
16	5061	1
16	3247	1
16	2584	1
16	3081	1
16	3516	1
16	5427	1
16	3828	1
16	4963	1
16	3816	1
16	5519	1
16	2708	1
16	5620	1
16	2976	1
16	1230	1
16	3727	1
16	4219	1
16	1938	1
16	1475	1
16	4168	1
16	3241	1
16	2493	1
16	1424	1
16	5568	1
16	4829	1
16	3056	1
16	2884	1
16	2160	1
16	2414	1
16	3043	1
16	2946	1
16	4624	1
16	3552	1
16	5042	1
16	4329	1
16	3084	1
16	1373	1
16	2240	1
17	3951	1
17	4780	1
17	2066	1
17	394	1
17	4413	1
17	3176	1
17	2824	1
17	1030	1
17	4164	1
17	1880	1
17	3455	1
17	4174	1
17	1410	2
17	272	2
17	2179	1
17	5411	1
17	3876	3
17	3084	3
17	4178	3
17	502	1
17	1265	1
17	2274	1
17	5625	4
17	5124	2
17	4648	1
17	2197	1
17	5159	1
17	3837	1
17	3718	1
17	1432	1
17	763	1
17	4550	1
17	3723	1
17	5638	1
17	4563	1
17	4147	1
17	4764	1
17	3444	1
17	1188	1
17	1218	1
17	4661	1
17	2076	1
17	444	1
17	3015	1
17	742	2
17	1814	1
17	2011	1
17	3831	1
17	5386	1
17	1444	1
17	1674	1
17	1840	1
18	3951	1
18	3204	1
18	2021	1
18	4931	1
18	3665	1
18	819	1
18	3942	1
18	454	1
18	1076	1
18	5569	1
18	3004	1
18	3028	1
18	242	1
18	4844	1
18	2846	1
18	2534	1
18	1820	1
18	4392	1
18	1056	1
18	3056	1
18	2396	1
18	2361	1
18	4717	1
18	810	1
18	4329	1
18	1444	1
18	1944	1
18	2391	1
18	4910	1
18	1701	1
18	4351	1
18	1850	1
18	2523	1
18	828	1
18	4572	1
18	4855	1
18	4798	1
18	4313	1
18	2831	1
18	3994	1
18	2117	1
18	555	1
18	684	1
18	607	1
18	3339	1
18	3780	1
18	1253	1
18	3889	1
18	2611	1
18	4242	1
18	3430	1
18	445	1
18	1263	1
18	1892	1
18	2193	1
18	948	1
18	5625	1
19	3951	1
19	3204	1
19	2021	1
19	4931	1
19	3665	1
19	819	1
19	3942	1
19	454	1
19	1076	1
19	4206	1
19	4266	1
19	5228	1
19	3168	1
19	2846	1
19	2534	1
19	1239	1
19	1200	1
19	4874	1
19	948	1
19	5167	1
19	2194	2
19	4717	2
19	2432	1
19	828	2
19	4572	1
19	4276	1
19	3691	1
19	3080	1
19	1491	1
19	1827	1
19	1003	1
19	1166	2
19	3473	1
19	4723	1
19	4949	1
19	4355	1
19	4647	1
19	4964	1
19	4314	3
19	485	1
19	5641	1
19	443	1
19	703	1
19	4753	1
19	1400	1
19	674	1
19	4958	1
19	4936	1
19	5046	1
19	2858	1
19	4301	1
19	1120	1
19	5663	1
19	2489	1
19	5627	1
19	4347	1
19	5688	1
19	272	1
19	4288	1
20	3951	1
20	3159	1
20	3157	1
20	4772	1
20	2536	1
20	4021	1
20	5133	1
20	2242	1
20	3055	1
20	4588	1
20	657	1
20	4678	1
20	3718	2
20	4907	4
20	4282	1
20	4071	1
20	1081	1
20	3079	1
20	2366	1
20	601	1
20	438	1
20	2952	1
20	3136	1
20	5588	1
20	2647	1
20	2063	1
20	2218	1
20	2400	1
20	1419	1
20	2179	1
20	1835	1
20	3265	1
20	4659	1
20	838	3
20	4093	1
20	621	2
20	1922	2
20	577	1
20	3604	1
20	1488	1
20	3810	1
20	4164	1
20	3441	1
20	2683	1
20	4347	1
20	1579	2
20	2650	1
20	1957	1
20	5382	1
21	3951	1
21	4105	1
21	4584	1
21	3287	1
21	1072	1
21	2681	1
21	3672	1
21	2669	1
21	1823	1
21	1259	1
21	1056	1
21	1871	1
21	1786	1
21	4351	1
21	1850	3
21	2239	1
21	1443	2
21	1255	1
21	4755	1
21	828	2
21	2325	2
21	1827	1
21	519	2
21	3070	1
21	2508	1
21	618	1
21	1690	2
21	4863	1
21	3131	1
21	4572	1
21	1680	1
21	5314	1
21	3026	1
21	3084	2
21	5168	1
21	4248	2
21	2549	1
21	1179	1
21	2756	1
21	3126	1
21	3633	1
21	319	1
21	3990	1
21	4622	1
21	1142	1
21	4849	1
21	1733	1
21	333	1
21	4749	1
21	2097	1
21	861	1
21	4970	1
21	4174	1
21	1434	1
21	4180	1
21	2590	1
21	5052	1
21	2917	1
21	2757	1
21	1991	1
22	3951	1
22	5544	1
22	5083	1
22	1582	1
22	453	1
22	3407	1
22	4632	1
22	1160	1
22	5104	1
22	4207	1
22	1045	1
22	2602	1
22	4733	1
22	597	1
22	5598	2
22	2049	2
22	1851	2
22	1434	1
22	294	1
22	1360	1
22	828	3
22	4572	3
22	2109	1
22	1690	4
22	823	1
22	594	1
22	1353	1
22	1322	1
22	3740	1
22	1923	2
22	2622	1
22	1363	1
22	961	2
22	4000	1
22	2419	1
22	3433	1
22	1194	1
22	2121	1
22	5372	2
22	799	1
22	2866	1
22	618	1
22	4866	1
23	3951	1
23	4837	1
23	3595	1
23	3172	1
23	2370	1
23	457	1
23	642	1
23	1324	1
23	1954	1
23	1361	1
23	1678	1
23	2484	1
23	1851	1
23	1082	1
23	4033	1
23	1696	1
23	2448	1
23	1179	1
23	1020	1
23	4222	1
23	3119	1
23	943	1
24	3951	1
24	3278	1
24	4224	1
24	5114	1
24	417	1
24	2593	1
24	1084	1
24	642	1
24	5480	1
24	4579	1
24	1829	2
24	2022	1
24	1166	2
24	962	1
24	1420	3
24	4174	2
24	1376	1
24	2044	2
24	4351	1
24	828	2
24	1827	2
24	618	1
24	4221	1
24	4535	1
24	3091	1
24	2469	1
24	5629	1
24	2780	1
24	602	1
24	1690	1
24	740	1
24	1422	1
24	2114	1
24	5027	1
24	2072	2
24	2376	1
24	534	1
24	4038	1
24	1672	1
24	1852	1
25	3951	1
25	4843	1
25	1046	1
25	4207	1
25	3157	1
25	4682	1
25	2838	1
25	2582	1
25	3452	3
25	1244	1
25	4482	2
25	828	1
25	4462	1
25	4215	1
25	4641	2
25	4923	1
25	4649	1
25	3943	1
25	1690	1
25	5036	1
25	1849	1
25	5406	1
25	4642	1
25	817	1
25	1701	1
25	2138	3
25	886	3
25	2981	3
25	3035	3
25	2322	1
25	2176	1
25	3056	1
25	1434	1
25	1792	1
25	2219	1
25	823	1
25	3565	1
25	1932	1
25	3532	1
25	2085	1
25	624	1
25	5622	1
25	5609	1
25	572	1
25	4221	1
26	3951	1
26	4807	1
26	4944	1
26	5182	1
26	3173	1
26	4299	1
26	2762	1
26	5529	1
26	3202	1
26	597	1
26	1240	1
26	4107	1
26	3189	1
26	1691	1
26	708	1
26	4314	1
26	5625	1
26	3190	1
26	2874	1
26	4749	1
26	4248	1
26	4775	1
26	354	1
26	476	1
26	2311	1
26	1690	1
27	3951	1
27	4207	1
27	5551	1
27	1646	1
27	3691	1
27	1174	1
27	1360	1
27	1598	1
27	828	2
27	4572	2
27	1570	1
27	2390	1
27	3127	1
27	3725	1
27	2655	1
27	4605	1
27	3497	1
27	4318	1
27	1364	1
27	1795	1
27	669	1
27	855	1
27	4802	1
27	3233	1
27	1932	1
27	2406	1
27	4294	1
27	2607	1
27	1468	1
27	4493	1
28	3951	1
28	3278	1
28	4224	1
28	4105	1
28	4584	1
28	2980	1
28	1048	1
28	699	1
28	3455	1
28	4351	2
28	2044	1
28	4110	1
28	2933	1
28	4999	3
28	703	1
28	1877	1
28	5662	1
28	1690	1
28	2137	1
28	1395	1
28	3982	1
28	4749	1
28	4249	1
28	2768	1
28	1180	1
28	2093	1
28	4700	1
28	5246	1
28	979	1
28	4656	2
28	2075	1
28	644	2
28	3252	1
28	4047	1
28	4314	1
28	777	1
28	4389	1
28	5629	1
28	3056	1
28	4646	1
28	2970	1
28	4284	1
28	4259	1
28	1326	1
28	759	1
28	5167	1
28	4649	1
28	4354	1
28	4948	1
28	2939	1
28	4398	1
28	2136	1
28	4475	1
28	4937	1
28	5421	1
28	1415	1
29	3951	1
29	4845	1
29	4190	1
29	3287	1
29	302	1
29	2243	1
29	2531	1
29	3452	1
29	2126	1
29	2202	1
29	3105	1
29	4850	3
29	5108	1
29	4690	1
29	5507	2
29	2521	1
29	450	1
29	2135	1
29	641	2
29	411	1
29	3084	1
29	2630	1
29	3423	1
29	4889	1
29	1735	1
29	2047	1
29	4999	1
29	1326	1
29	2551	1
29	5381	1
29	935	1
29	1851	1
29	2271	1
29	2199	1
29	5623	1
30	3349	1
30	3191	1
30	1127	1
30	5351	1
30	277	1
30	245	1
30	449	1
30	4633	1
30	923	1
30	281	1
30	3157	2
30	930	1
30	3147	1
30	3263	1
30	5177	1
30	2070	1
30	5089	1
30	5628	1
30	3011	1
30	1519	1
30	4780	1
30	3589	1
30	2919	1
30	3109	1
30	5423	1
30	4843	1
30	5142	1
30	2982	1
30	5451	1
30	4836	1
30	1301	1
30	4890	1
30	3500	1
30	1187	1
30	1567	1
30	1490	1
30	2410	1
30	1918	1
30	1568	1
30	5483	1
30	3914	1
30	994	1
30	4122	1
30	361	1
30	3584	1
30	4040	1
30	3879	1
30	4850	1
30	1712	1
30	3688	1
30	3586	1
30	3720	1
30	2682	1
30	288	1
30	5131	1
30	3988	1
30	4435	1
30	4322	1
30	4171	1
30	4325	1
30	3138	1
30	1368	1
30	3902	1
30	1579	1
30	2932	1
30	1338	1
30	4209	1
30	4792	1
30	1972	1
30	3569	1
30	2667	1
30	295	1
30	3044	1
30	1174	1
30	5390	1
30	1500	1
30	1742	1
30	712	1
30	3152	1
30	3989	1
30	3376	1
30	5264	1
30	4127	1
30	3145	1
30	771	1
30	539	1
30	2349	1
30	5667	1
30	4199	1
30	2945	1
30	954	1
31	3951	1
31	1129	1
31	3141	1
31	2959	1
31	3454	1
31	4222	1
31	3119	1
31	943	1
31	272	1
31	4896	1
31	3973	1
31	3734	1
31	4509	1
31	984	1
31	1006	2
31	4749	2
31	3266	2
31	2866	1
31	5285	1
31	3248	1
31	274	1
31	1729	1
31	477	1
31	4499	1
31	5247	1
31	1240	1
31	5515	1
31	882	1
31	1748	1
31	2452	1
32	3951	1
32	4571	1
32	2581	1
32	1576	1
32	5540	1
32	1308	1
32	3029	1
32	2229	1
32	4686	1
32	642	1
32	2127	1
32	4690	1
32	4386	1
32	5108	1
32	3556	1
32	4181	1
32	5039	1
32	5161	1
32	3145	1
32	1133	1
32	2196	1
32	4354	1
32	5160	1
32	4482	1
32	5524	1
32	3983	1
32	4222	1
32	3119	1
32	943	1
32	828	1
32	1827	1
32	273	1
32	4881	1
32	1019	1
32	2181	1
32	3058	1
32	2368	2
32	2237	2
32	3292	1
32	2017	1
32	1211	1
32	1369	1
32	3544	1
32	4057	1
32	647	1
32	1147	1
32	4710	1
32	5123	1
32	2590	1
32	5157	1
32	4680	1
32	3436	1
32	2123	1
32	5500	1
32	2254	1
32	2162	1
32	5257	1
32	4714	1
32	1365	1
33	4590	1
33	3591	1
33	1880	1
33	3781	1
33	5627	1
33	4347	1
33	4393	1
33	1240	1
33	2423	1
33	1754	1
33	1636	1
33	4545	1
33	3561	2
33	444	1
33	471	1
33	4856	1
33	3122	1
33	828	1
33	1296	1
33	2022	1
33	4168	1
33	5286	1
33	868	1
33	2103	1
33	437	1
33	2576	1
33	464	1
33	1125	1
33	5134	1
33	2954	1
34	1160	1
34	249	1
34	3550	1
34	4815	1
34	1878	1
34	1668	1
34	3487	1
34	516	1
34	1786	1
34	5415	1
34	4264	1
34	2650	1
34	4066	1
34	2899	1
34	4330	1
34	3875	1
34	5169	1
34	3325	1
34	1900	1
34	2105	1
34	3077	1
34	5454	1
34	1430	1
34	5597	1
34	5414	1
34	4286	1
34	3503	1
34	689	1
34	703	1
34	1877	2
34	3832	1
34	1453	1
34	4118	1
34	2663	1
34	4677	1
34	3088	1
34	5579	1
34	5554	1
34	3058	1
34	324	1
34	4821	1
34	3806	1
34	568	1
34	2277	1
34	3343	1
35	3951	1
35	2995	1
35	3332	1
35	2870	1
35	5062	1
35	4200	1
35	2213	1
35	3366	2
35	4353	1
35	5235	1
35	4095	1
35	945	1
35	1238	1
35	2137	1
35	5622	1
35	1766	1
35	3700	1
35	2716	1
35	471	1
35	1403	1
35	3745	1
35	5543	1
35	1609	1
35	4222	1
35	3119	1
35	943	1
35	5575	1
35	5107	1
35	2342	1
35	2198	1
35	975	1
35	1946	1
35	1638	1
35	708	1
35	765	1
35	2115	1
35	5685	1
35	3375	1
35	3381	1
35	5246	1
35	5283	1
35	3433	3
35	1464	2
35	4478	1
35	5130	1
35	5306	1
35	845	1
35	5625	1
35	4350	1
35	5449	1
35	3718	1
35	3033	1
35	5160	1
35	1391	1
35	555	2
35	1216	1
35	2457	2
35	1984	1
35	2254	1
35	1390	1
35	1960	3
35	2538	1
35	1833	1
35	4339	1
35	2664	1
35	358	1
35	2905	1
35	4435	1
35	4508	1
35	4448	1
35	4439	1
35	5656	1
35	360	1
35	2906	1
35	4850	1
35	5220	1
35	588	2
35	3537	2
35	1217	1
35	1985	1
36	3951	1
36	423	1
36	4440	1
36	4919	1
36	4791	1
36	2555	1
36	4779	1
36	3550	1
36	4884	4
36	5206	3
36	5668	4
36	621	1
36	1922	2
36	1715	1
36	4650	1
36	852	1
36	5564	1
36	5561	1
36	5565	1
36	4416	1
36	5528	1
36	2822	1
36	575	1
36	805	1
36	856	1
36	3787	1
36	3088	1
36	270	1
36	4201	1
36	2412	1
36	3991	1
36	1968	1
36	1366	1
36	1337	1
36	5605	1
36	2849	1
36	3240	1
36	3433	1
36	5421	1
36	1926	1
36	1205	1
36	4547	1
36	758	1
36	1559	1
36	585	1
36	3747	1
36	1745	1
36	1418	2
36	1540	1
36	4651	1
36	1797	1
36	5292	1
36	1698	1
36	1761	1
36	4644	1
36	4693	1
36	1068	1
36	1737	1
36	4133	1
36	4827	1
36	4110	1
36	1938	1
36	3234	1
36	1240	1
36	1561	1
36	881	1
36	2320	1
36	1117	1
36	3659	1
36	5506	1
36	3982	1
36	1877	1
36	1290	1
36	3869	1
36	3733	1
36	4356	1
36	3050	1
36	4088	1
36	3822	1
36	1395	1
36	1548	1
36	4431	1
36	4397	1
36	411	1
36	2900	1
36	3084	1
37	3951	1
37	1035	1
37	1151	1
37	3007	1
37	1040	1
37	2553	1
37	5210	1
37	5310	1
37	3897	1
37	2183	1
37	5419	1
37	3027	1
37	1006	1
37	4749	3
37	3227	1
37	1157	1
37	412	1
37	3059	1
37	3995	1
37	1996	1
37	3441	1
37	1169	1
37	1255	1
37	4753	1
37	2512	1
37	1765	1
37	2659	1
37	4985	1
37	4885	1
37	5528	1
37	2940	1
37	5204	1
37	3474	1
37	5009	1
37	618	1
37	965	1
38	3951	1
38	4207	1
38	1045	1
38	421	1
38	4305	1
38	3123	1
38	3256	1
38	386	1
38	2602	1
38	4731	1
38	642	1
38	4666	1
38	5654	1
38	1440	1
38	3084	1
38	3032	1
38	4860	2
38	5044	2
38	799	1
38	1444	2
38	965	1
38	2293	1
38	3977	1
38	3599	1
38	2020	1
38	2057	1
38	4150	1
38	2773	1
38	1006	1
38	4749	1
38	4166	2
38	1762	1
38	1823	1
38	3817	1
38	5599	1
38	5057	1
38	4398	1
38	572	1
38	1657	1
38	3788	1
38	5198	2
38	3068	2
38	2115	1
38	3455	1
38	5581	1
38	5662	1
38	1996	1
38	3331	2
38	2343	1
38	3614	1
38	2693	1
38	1419	1
38	1877	1
39	3878	2
39	1616	2
39	2035	1
39	2028	1
39	815	1
39	1444	2
39	4943	1
39	5685	1
39	4362	1
39	425	1
39	3615	1
39	2793	1
39	2894	1
39	4308	1
39	2937	1
39	4766	1
39	4329	1
39	462	1
39	4222	1
39	3119	1
39	943	1
40	4711	1
40	819	1
40	4833	1
40	4790	1
40	612	1
40	2252	1
40	5341	1
40	4799	1
40	912	1
40	1302	1
40	5281	1
40	4693	1
40	4287	1
40	3718	2
40	1717	1
40	489	1
40	1134	1
40	3733	1
40	5418	1
40	4162	1
40	4416	1
40	5139	1
40	3799	1
40	2074	1
40	4029	1
40	5073	3
40	1135	3
40	2310	1
40	5321	1
40	4283	1
40	1138	1
40	5482	1
40	3550	1
40	1588	1
40	898	1
40	2085	1
40	2951	1
40	3551	1
40	3385	1
40	2616	1
40	4886	1
40	5373	1
40	411	1
40	3084	1
40	3817	1
40	4185	1
40	2657	1
40	3835	1
40	1528	1
41	3951	1
41	5194	1
41	1106	1
41	4056	1
41	5041	1
41	2893	1
41	3108	1
41	5398	1
41	3817	1
41	4263	1
41	1006	1
41	4749	1
41	3375	1
41	3392	1
41	1624	1
41	4593	1
41	618	1
41	2705	1
41	799	1
41	1444	1
42	3951	1
42	3007	1
42	1040	1
42	2367	1
42	1035	1
42	1152	1
42	3455	1
42	1194	1
42	1006	1
42	4749	1
42	3743	1
42	1489	1
42	4278	1
42	3086	1
42	2511	1
42	462	1
42	1449	1
42	1886	1
42	2164	1
42	1311	1
42	1255	1
42	4753	1
43	3951	1
43	1160	1
43	3785	1
43	2567	1
43	826	1
43	2893	1
43	4559	1
43	3338	1
43	4110	1
43	627	2
43	1908	2
43	633	5
43	1671	2
43	1690	2
43	4771	1
43	632	1
43	5207	1
43	3126	1
43	3307	1
43	2872	1
43	4354	2
43	4692	1
43	2109	1
43	1326	1
43	5414	4
43	4950	1
43	1147	1
43	3121	1
43	4701	1
43	5681	1
43	3105	3
43	4077	1
43	2827	1
43	3795	1
43	1749	1
43	5657	2
43	4431	2
43	360	1
43	2550	2
43	4330	2
43	829	2
43	1651	1
43	1056	3
43	3056	2
43	2879	1
43	5629	1
43	3035	2
43	2259	1
43	4850	4
43	4270	1
43	2530	1
43	5157	4
43	694	2
43	3276	1
43	2201	1
43	4384	1
43	5647	1
43	3039	1
43	4962	1
43	4348	1
43	5447	1
43	1266	1
43	4848	1
43	492	1
43	2182	2
43	258	1
43	2590	3
43	4134	1
43	2554	1
43	566	2
43	5155	1
43	5428	1
43	577	1
43	3916	1
43	2241	1
43	5625	1
43	2179	1
43	1924	1
43	1468	1
43	4000	1
43	5160	1
43	2208	1
43	3021	1
43	333	1
43	5370	1
43	2986	1
43	1574	1
43	4139	1
43	437	1
43	1530	1
43	3970	1
43	3006	1
43	1981	1
43	1792	1
43	1407	1
43	362	1
43	4482	1
43	1794	1
43	4941	1
43	420	1
43	2775	1
43	2981	1
43	2291	1
43	3395	1
43	1131	1
43	2985	1
43	3666	1
43	3275	1
43	4158	1
43	4743	1
43	4188	1
43	5156	1
43	5429	1
44	3951	1
44	4968	1
44	3204	1
44	2021	1
44	4931	1
44	2893	1
44	4703	1
44	2535	1
44	3455	1
44	1353	1
44	1690	1
44	828	1
44	1827	1
44	4351	1
44	1850	1
44	1166	1
44	2194	1
44	4717	1
44	2719	1
44	3056	1
44	2396	1
44	4417	1
44	3344	1
44	5630	1
44	3953	1
44	4135	1
44	703	1
44	4755	1
44	2542	1
44	2780	1
44	5046	1
45	3951	1
45	5116	1
45	5078	1
45	329	1
45	259	1
45	3332	1
45	2367	1
45	4611	1
45	4193	1
45	1823	1
45	1369	1
45	3524	1
45	4136	1
45	3104	1
45	4234	1
45	3615	1
45	4893	2
45	618	1
45	2052	1
45	1706	1
45	2163	1
45	1999	1
45	4252	1
45	4415	1
45	4349	1
45	5654	1
45	1687	1
45	2043	1
45	876	1
45	2538	1
45	830	1
45	3482	1
45	4291	1
45	2084	1
45	4810	1
45	931	2
45	3064	1
45	5156	1
45	4216	1
45	3571	1
45	4419	1
45	4030	1
45	995	1
45	1445	1
45	1663	1
45	2166	1
45	2435	1
45	4068	1
45	531	1
45	3713	1
45	3084	1
45	2048	1
45	3125	1
45	4886	1
46	3951	1
46	4843	1
46	2893	1
46	424	1
46	4780	1
46	3284	1
46	1823	1
46	1541	1
46	3439	1
46	3058	4
46	1533	4
46	783	3
46	3480	2
46	2055	4
46	4169	1
46	4970	1
46	3995	1
46	1996	2
46	2235	1
46	2627	1
46	2126	1
46	5000	1
46	3087	1
46	1400	4
46	2586	1
46	5480	1
46	3999	1
46	3998	1
46	411	1
46	518	2
46	3642	2
46	2514	2
46	963	1
46	1141	2
46	1970	1
46	1445	1
46	3945	1
46	1143	1
46	5263	1
46	5222	1
46	3056	1
46	358	1
46	2939	1
46	854	1
46	2385	1
46	5629	1
46	3035	1
46	868	1
46	5656	1
46	5590	1
46	3545	1
46	2092	1
46	1604	1
46	2114	1
46	3662	1
46	517	1
46	964	1
46	1328	1
46	1446	1
46	5648	1
46	5157	1
46	3032	2
46	3250	1
46	2921	1
46	5160	2
46	5167	1
46	4491	1
46	5262	1
46	3292	1
46	1707	1
46	1448	1
46	5649	1
46	2044	1
46	1517	1
47	3951	1
47	5633	1
47	1119	1
47	3333	1
47	955	2
47	4010	2
47	502	1
47	1265	1
47	5096	1
47	273	1
47	4197	1
47	5592	1
47	1277	2
47	3216	1
47	980	1
47	5595	1
47	1395	1
47	2828	1
47	3365	1
47	4418	1
47	5113	1
47	4507	1
47	2516	1
47	1968	1
47	1509	1
47	916	1
47	1715	1
47	597	1
47	5186	1
47	1693	1
47	2267	1
47	3510	1
47	4137	1
47	703	1
47	4749	1
48	3951	1
48	5633	1
48	1119	1
48	3334	1
48	4362	1
48	1070	1
48	4329	1
48	2187	1
48	1755	1
48	4165	1
48	3320	1
48	2948	1
48	3235	1
48	1277	1
48	4917	1
48	806	1
48	3425	1
48	757	1
48	3685	1
48	5365	1
48	275	1
48	747	1
48	1067	1
48	5187	1
48	1383	1
48	1387	1
48	1395	1
48	5619	1
48	503	1
48	3355	1
48	3737	1
48	1502	1
48	374	1
48	3023	1
48	2725	1
48	1595	1
48	3776	1
48	3813	1
48	2690	1
48	1453	1
48	4739	1
48	352	1
49	3951	1
49	4968	1
49	5387	1
49	3462	1
49	2117	1
49	1006	1
49	4749	1
49	4138	1
49	3084	1
49	2722	1
49	4658	1
49	734	1
49	420	2
49	2379	2
49	4953	2
49	833	1
49	3543	1
49	4963	1
49	3893	1
49	1338	1
49	5625	1
49	4075	1
49	2651	1
49	4474	1
49	5229	1
49	3515	1
49	436	1
49	4174	1
49	1228	2
49	4023	1
49	4529	1
49	2909	1
49	4013	1
49	2256	1
49	3691	1
49	3124	1
49	3825	1
49	5280	1
49	1606	1
49	5120	1
49	572	1
49	1392	1
49	1226	1
49	1509	1
49	2302	1
49	1608	1
49	5252	1
49	4526	1
49	1880	1
49	892	1
49	5690	1
49	3882	1
49	5207	1
49	2202	1
49	5212	2
49	703	1
49	1877	1
49	4137	1
49	1444	1
49	2930	1
49	1609	1
50	3951	1
50	4968	1
50	5387	1
50	3463	1
50	1926	1
50	1205	1
50	4328	2
50	3084	1
50	856	1
50	1726	1
50	1951	1
50	3739	1
50	1591	1
50	4853	1
50	4006	1
50	1222	1
50	3443	1
50	266	1
50	1534	1
50	5625	2
50	2236	1
50	703	3
50	1877	4
50	863	1
50	1343	1
50	2444	1
50	3902	1
50	1608	1
50	2533	1
50	4008	1
50	1006	11
50	3211	1
50	4017	1
50	1977	1
50	4749	9
50	3324	2
50	1607	2
50	1660	1
50	4371	1
50	2851	1
50	3681	2
50	1005	1
50	2743	1
50	5688	4
50	4445	6
50	4470	1
50	754	1
50	3908	2
50	2763	1
50	4475	1
50	1415	1
50	4486	1
50	4636	1
50	583	1
50	3515	1
50	738	1
50	2606	1
50	4605	1
50	3893	1
50	749	1
50	1338	1
50	5461	1
50	562	1
50	3373	1
50	2011	1
50	3426	2
50	3370	1
50	1411	1
50	5129	1
50	3775	2
50	3823	1
50	5381	1
50	1537	2
50	538	1
50	3958	1
50	808	1
50	3638	1
50	525	1
50	4507	1
50	2957	1
50	2308	1
50	4000	1
50	4565	1
50	2941	1
50	789	1
50	4012	1
50	2166	3
50	3849	1
50	2014	1
50	3511	1
50	5201	1
50	5648	2
50	443	1
50	4753	1
50	4180	1
50	3033	1
50	5158	1
50	2179	1
50	5127	1
50	3755	2
50	1249	1
50	1515	1
50	3779	1
50	1987	1
50	868	2
50	1417	1
50	4176	1
50	4290	1
50	5548	1
50	2809	1
50	4235	1
50	3701	1
50	3736	1
50	4400	1
50	1172	1
50	3501	1
50	4287	1
50	3348	1
50	499	2
50	1460	1
50	1880	1
50	4510	1
50	918	1
50	3600	1
50	4890	1
50	3542	1
50	742	1
50	5108	2
50	3859	1
50	3703	1
50	1408	2
50	1117	1
50	4018	1
50	5111	1
50	2601	1
50	3262	1
50	2911	1
50	490	1
50	895	2
50	3251	1
50	473	1
50	5095	1
50	3358	1
50	2299	1
50	3562	1
50	2626	1
50	432	1
51	3878	1
51	1616	2
51	2030	1
51	3036	1
51	1461	1
51	2867	1
51	4715	1
51	320	1
51	2989	1
51	408	1
51	730	1
51	2028	1
51	3980	1
51	3550	1
51	884	1
51	1927	1
51	983	1
51	4757	1
51	3201	1
51	921	1
51	3517	1
51	466	1
51	2858	1
52	3951	1
52	3417	1
52	369	1
52	4968	1
52	3195	1
52	2532	1
52	2893	1
52	5544	1
52	4864	1
52	3587	1
52	1806	1
52	504	1
52	1579	1
52	1742	1
52	5625	2
52	4794	1
52	3044	1
52	4367	1
52	3376	1
52	2392	1
52	5483	1
52	3660	1
52	1020	1
52	1765	2
52	1823	2
52	3119	1
52	943	1
52	345	1
52	3789	1
52	4411	1
52	3923	1
52	4241	1
52	1259	1
52	1981	1
52	1599	1
52	2500	1
52	1723	1
52	4771	1
52	3243	1
52	3776	1
52	589	1
52	514	1
52	5687	1
52	3088	1
52	4123	1
52	2598	1
52	4080	1
52	3139	1
52	3753	1
52	1930	1
53	3951	1
53	4207	1
53	1045	1
53	4968	1
53	453	1
53	3407	1
53	4632	1
53	3299	1
53	4730	1
53	5544	1
53	5083	1
53	1582	1
53	2374	1
53	5105	1
53	536	1
53	5599	1
53	2049	1
53	1360	1
53	3620	1
53	828	1
53	4572	2
53	4222	1
53	3119	1
53	943	1
53	2126	1
53	2139	1
53	1011	1
53	4262	1
53	1257	1
53	4908	1
53	3057	1
53	1850	1
54	4194	1
54	3592	1
54	4568	1
54	3550	2
54	5572	1
54	4778	1
54	2770	1
54	1822	1
54	3581	1
54	2628	1
54	3730	1
54	2648	1
54	375	1
54	2910	1
54	3979	1
54	420	1
54	4086	1
54	3811	1
54	2698	1
54	1235	1
54	1445	1
54	1676	1
55	3951	1
55	4968	1
55	4434	1
55	3144	1
55	3200	1
55	3675	1
55	942	1
55	4719	1
55	4833	1
55	2912	1
55	819	1
55	307	1
55	2358	1
55	3160	1
55	3461	1
55	3305	1
55	642	1
55	2049	1
55	2047	1
55	2798	1
55	1360	1
55	3207	1
55	3086	1
55	4032	1
55	1488	1
55	3093	1
55	4512	1
56	3951	1
56	4968	1
56	1161	1
56	4633	1
56	426	1
56	1126	1
56	5633	1
56	4977	1
56	4632	1
56	1101	1
56	1506	1
56	2367	1
56	376	1
56	5360	1
56	642	1
56	338	1
56	4718	3
56	4360	1
56	2072	1
56	1420	1
56	882	1
56	828	3
56	1827	3
56	1330	1
56	3577	1
56	1872	2
56	5653	1
56	1328	1
56	1009	1
56	2414	1
56	961	3
56	5408	1
56	334	1
56	2618	1
56	4361	1
56	5400	1
56	2334	1
56	5614	1
56	2915	1
56	4297	1
56	5122	1
56	5430	1
56	3856	1
56	4649	2
56	823	2
56	734	1
56	4871	1
56	420	1
56	2182	3
56	492	2
56	353	1
56	4208	1
56	5262	1
56	3126	1
56	3777	1
56	3460	1
56	5167	1
56	1400	1
56	1722	1
56	565	2
57	5180	1
57	936	1
57	5050	1
57	2373	1
57	819	1
57	5145	1
57	4511	1
57	5414	2
57	4110	1
57	618	1
57	5277	1
57	3374	1
57	5639	1
57	1803	1
57	3607	1
57	1505	1
57	4394	1
57	1326	1
57	2694	1
57	2064	1
57	2522	1
57	1649	1
57	804	1
57	4768	1
58	4592	1
58	726	1
58	4790	1
58	612	1
58	2252	1
58	5338	1
59	3878	1
59	1616	1
59	2031	1
59	4654	1
59	3726	1
59	3119	1
59	943	1
59	2625	1
59	5266	1
59	476	1
59	3158	1
59	2877	1
59	4796	1
59	983	2
59	4329	1
59	1444	2
59	4553	1
59	3576	2
59	463	1
59	4113	1
59	3323	1
59	1297	1
59	1174	1
59	4953	1
59	3043	1
59	2742	1
59	1224	1
59	3419	1
59	5178	1
59	1628	1
59	5331	1
59	3508	1
59	5404	1
59	1529	1
59	1953	1
59	4999	1
59	2796	1
59	2191	1
59	1734	1
59	5049	1
59	1611	1
59	4347	2
59	1449	2
59	461	1
59	275	1
59	5433	1
59	4256	1
59	3995	1
59	1996	1
59	4357	1
59	3354	1
59	5003	1
59	660	1
59	2329	1
59	1711	1
59	3572	1
59	813	1
59	2365	1
59	3435	1
59	1203	1
59	1776	1
59	3813	1
59	3295	1
59	2140	1
59	2458	1
59	3269	1
59	1240	1
59	5476	1
59	802	1
59	1424	1
60	3951	1
60	4903	3
60	1615	5
60	2027	1
60	2026	4
60	4898	1
60	1455	1
60	1700	3
60	4016	1
60	5138	1
60	816	1
60	1114	2
60	4064	1
60	4159	1
60	2720	1
60	1942	1
60	5501	1
60	1100	1
60	1688	1
60	3347	1
60	4930	1
60	4958	1
60	2901	1
60	815	1
61	3878	1
61	1616	1
61	2036	1
61	3119	1
61	943	1
61	4359	1
61	885	1
61	3362	1
61	3413	1
61	2619	1
61	463	1
61	4113	1
61	1297	1
61	1174	1
61	4953	1
61	3043	1
61	2742	1
61	5635	1
61	4513	1
61	3058	1
61	2368	1
61	4025	1
61	4082	1
61	4253	1
61	3093	1
61	5056	1
61	275	1
61	4551	1
61	5403	1
61	4643	1
61	3409	2
61	4357	1
61	3353	1
61	4792	1
61	2074	1
61	1780	1
61	1613	1
61	3398	1
61	2341	1
61	5572	1
61	5513	1
61	1020	1
61	1996	1
61	939	1
61	5003	1
61	3813	1
61	984	1
61	4859	1
61	872	1
61	2140	1
61	2458	1
61	4015	1
61	2340	1
61	5629	1
61	668	1
61	1350	1
61	1423	1
62	3038	1
62	5249	1
62	5552	1
62	4790	1
62	611	1
62	423	1
62	5340	1
62	4970	1
62	4222	1
62	3119	1
62	943	1
62	4623	1
62	272	1
62	5435	1
62	744	1
62	4852	1
62	4514	1
62	665	1
62	3429	1
62	1729	1
62	4051	1
62	2727	1
62	5336	1
62	4497	1
62	3610	1
62	3475	1
62	3362	1
62	3414	1
62	984	1
62	1752	1
62	904	1
62	2457	1
62	537	1
62	939	1
62	5287	1
62	1931	1
62	3865	1
62	3082	1
62	5412	1
62	2351	1
62	5084	1
62	4145	1
62	4240	1
62	5611	1
62	5384	1
62	2327	1
62	4134	2
62	4758	1
62	1878	1
62	1825	1
62	4104	1
62	3483	1
62	4593	1
62	831	1
62	3138	1
63	4968	1
63	3178	1
63	3007	1
63	3278	1
63	5097	1
63	936	1
63	2367	1
63	267	1
63	4732	1
63	1823	1
63	3955	1
63	4769	1
63	4085	2
63	1545	1
63	4999	1
63	3084	2
63	411	2
63	435	1
63	2362	1
63	4397	1
63	468	1
63	3615	1
63	1274	1
63	2055	5
63	2223	1
63	419	1
63	815	1
63	1444	1
63	4961	1
63	1020	3
63	1996	2
63	3259	1
63	3203	1
63	2840	1
63	5492	1
63	4600	1
63	4046	1
63	1644	1
63	5205	1
63	3900	1
63	3087	1
63	2526	1
63	2014	1
63	3480	1
63	865	1
63	3093	1
63	3382	1
63	2704	1
63	4222	1
63	3119	2
63	943	2
63	4744	1
63	4346	1
63	3770	1
63	3569	1
63	1715	1
63	5355	1
63	3886	1
63	2707	1
63	3582	1
63	1887	1
63	3250	1
63	518	3
63	1018	1
63	788	1
63	4547	1
63	888	1
63	1881	1
63	5187	1
63	1282	1
63	2866	1
63	1328	1
63	4467	1
63	2211	1
63	1518	1
63	2287	1
63	3735	1
63	3126	1
63	2623	1
63	501	1
64	4105	1
64	5529	1
64	2859	1
64	612	1
64	3232	1
64	434	1
64	2567	1
64	826	1
64	4542	1
64	3332	1
64	2367	1
64	1160	1
64	3786	1
64	4999	2
64	1444	3
64	4120	1
64	4246	1
64	1057	1
64	360	1
64	3034	1
64	4330	1
64	2795	1
64	2670	1
64	1206	1
64	3845	1
64	4443	1
64	2678	1
64	788	1
64	4408	1
64	5572	1
64	2612	1
64	4953	1
64	3958	1
64	5492	1
64	1020	1
64	1765	1
64	1990	1
64	3995	1
64	1996	1
64	2760	1
64	3776	1
64	3728	1
64	2676	1
64	3914	1
64	935	1
64	1851	1
64	1018	1
64	1825	1
64	2624	1
64	4097	1
64	2447	1
64	3479	2
64	4717	1
64	5629	1
64	2632	1
64	3056	1
64	4467	1
64	5414	1
64	4110	1
64	865	1
65	3951	1
65	5549	1
65	460	1
65	2845	1
65	3112	1
65	1823	2
65	4603	1
65	3455	2
65	1354	1
65	451	1
65	2913	1
65	1470	1
65	4688	3
65	1996	3
65	3250	1
65	2271	2
65	618	1
65	2289	1
65	1243	1
65	273	1
65	4179	1
65	5255	1
65	5017	1
65	3471	1
65	3718	2
65	4411	1
65	3433	1
65	2671	1
65	4804	1
65	1400	1
65	2324	1
65	4621	1
65	1523	1
65	1805	1
65	4161	1
65	4567	1
65	2122	1
65	5625	1
65	3837	1
65	650	1
66	3878	1
66	1616	1
66	2033	1
66	1823	1
66	1808	1
66	3064	1
66	885	1
66	704	1
66	5250	1
66	463	1
66	5516	1
66	4505	1
66	4329	5
66	1444	3
66	2588	1
66	5334	1
66	3614	1
66	4125	1
66	3489	1
66	3084	1
66	2661	1
66	1194	1
66	3611	2
66	2321	1
66	5497	1
66	3465	1
66	4134	1
66	2560	1
66	1467	1
66	1523	2
66	1370	1
66	3616	1
66	4278	1
66	5064	1
66	3948	1
66	5514	1
66	3294	1
66	4119	1
66	2843	1
66	3243	1
66	4664	1
66	1118	1
66	3732	1
66	5065	1
66	3352	1
66	1070	1
66	3981	1
66	3446	1
66	4321	1
66	3829	1
66	3668	1
66	2197	1
66	2918	1
66	3034	1
66	5625	1
66	2947	1
66	4110	1
66	5611	1
66	2292	1
66	492	1
66	5359	1
66	1395	1
66	2520	1
66	3956	1
66	563	1
66	4202	1
66	2829	1
66	4512	1
66	5029	1
67	3951	1
67	5385	1
67	339	1
67	2595	1
67	3183	1
68	3951	1
68	311	1
68	3673	1
68	2367	1
68	4207	1
68	5547	1
68	1511	1
68	2205	1
68	2044	2
68	2455	1
68	1651	2
68	802	1
68	4473	1
68	642	1
68	5652	1
68	3032	1
68	4169	1
68	4970	3
68	3995	3
68	1996	3
68	3422	1
68	2956	1
68	2558	1
69	3878	1
69	1616	1
69	2032	1
69	4296	1
69	1485	1
69	4417	1
69	887	1
69	4468	1
69	1240	1
69	1761	1
69	5508	1
69	2184	1
69	2744	1
69	2268	1
69	3525	1
69	3813	1
69	3220	1
69	5243	1
69	3611	1
69	5687	1
69	1666	1
69	1767	1
69	3528	1
69	4157	1
69	3470	1
69	1915	1
69	825	1
69	1813	1
69	2688	1
69	3198	1
69	3043	1
69	3870	1
69	683	1
70	3951	1
70	3217	1
70	1374	1
70	3897	1
70	3085	1
70	1853	1
70	5043	1
70	605	1
70	1386	1
70	1938	1
70	1998	1
70	3629	1
70	3243	1
70	4069	1
70	5625	1
70	5401	1
70	4027	1
70	1426	1
70	664	1
70	3718	1
70	3369	1
70	945	1
70	1891	1
70	1069	1
70	5311	1
70	3873	1
70	1174	1
70	1579	1
70	1709	1
70	1819	1
70	4781	1
70	798	1
70	3084	1
70	4885	1
70	2966	1
70	3669	1
70	1895	1
70	5004	1
70	1418	1
70	3254	1
71	3951	1
71	4843	1
71	3337	1
71	1878	1
71	1642	1
71	3714	1
71	2157	1
71	2022	1
71	1896	1
71	751	1
71	4990	1
71	4078	1
71	846	1
71	322	1
71	399	2
71	4916	3
71	1877	1
71	3615	1
71	474	1
71	5615	1
71	244	1
71	1444	2
71	3712	1
71	1371	1
71	5561	1
71	4162	1
71	4816	1
71	2023	1
71	3455	2
71	4180	2
71	5052	2
71	2758	1
71	359	1
71	4079	1
71	5121	1
71	3821	1
71	2826	1
71	3687	1
71	3718	2
71	4846	1
71	4183	1
71	3361	1
71	708	1
71	1573	1
71	2495	1
71	3834	1
71	2700	1
71	3234	1
71	1675	1
71	4329	1
71	3823	1
71	1507	1
71	1625	1
71	3929	1
71	4320	1
71	3449	1
71	2040	1
71	1890	1
71	4850	1
71	2711	1
71	3690	1
71	3691	1
71	2644	1
71	2735	1
71	2013	1
71	894	1
72	3951	1
72	4968	2
72	310	1
72	246	1
72	282	1
72	4822	1
72	4831	1
72	5451	1
72	4835	1
72	717	1
72	3160	1
72	301	1
72	1094	1
72	2859	1
72	613	1
72	4363	1
72	1229	1
72	1543	1
72	2418	1
72	2015	1
72	1240	1
72	1477	1
72	974	1
72	857	1
72	2604	2
72	3824	1
72	3718	1
72	910	1
72	4110	2
72	4396	1
72	4165	1
72	1880	1
72	3505	1
72	848	1
72	3811	1
72	4398	1
72	4167	1
72	3455	1
72	5480	1
72	1763	1
72	1761	1
72	1625	1
72	5043	1
72	2603	1
72	3716	1
72	4932	1
72	4395	1
72	2860	1
73	3951	1
73	4968	2
73	3670	1
73	1312	1
73	5549	1
73	944	1
73	5351	1
73	1044	1
73	3332	1
73	3679	1
73	4979	1
73	2926	1
73	5048	1
73	4447	1
73	2374	1
73	3157	1
73	4681	1
73	1138	3
73	4212	2
73	3243	3
73	5455	1
73	3688	1
73	3567	1
73	771	2
73	4383	2
73	3272	1
73	4454	1
73	695	1
73	2234	1
73	5653	1
73	4415	1
73	654	1
73	308	4
73	1672	2
73	1304	2
73	3594	2
73	2285	1
73	3848	1
73	2138	1
73	622	1
73	4511	3
73	732	1
73	2280	1
73	3631	1
73	3246	1
73	4110	1
73	3834	1
73	5625	1
73	1880	2
73	1825	1
73	671	2
73	1924	1
73	4389	1
73	4385	2
73	2761	1
73	2466	1
73	4304	1
73	4254	1
73	3078	1
73	3872	1
73	4117	1
73	2803	1
73	5290	1
73	4360	1
73	463	1
73	4601	1
73	882	1
73	2739	1
74	3951	1
74	4968	1
74	4843	1
74	2999	1
74	2367	1
74	264	1
74	5014	1
74	1825	1
74	2222	1
74	2164	1
74	4184	1
74	3510	1
74	1396	2
74	4280	1
74	745	3
74	2050	3
74	1527	1
74	4751	1
74	5634	1
74	2751	1
74	708	1
74	3073	1
74	1252	1
74	2168	1
74	5424	1
74	1190	1
74	3641	1
74	701	1
74	1441	1
74	1365	2
74	723	1
74	5332	1
74	4560	1
74	789	1
74	5595	1
74	1165	2
74	2415	1
74	2332	1
74	4511	1
74	1001	1
74	4744	1
74	3954	1
74	1669	1
74	1762	1
74	3477	1
74	2202	1
74	3844	1
74	1467	1
74	4749	1
75	3951	1
75	4968	1
75	4824	1
75	276	1
75	3635	1
75	3332	1
75	5012	1
75	3589	1
75	349	1
75	946	1
75	311	1
75	3082	1
75	1023	1
75	4721	1
75	1115	1
75	2358	1
75	4780	1
75	4838	1
75	1670	1
75	1901	1
75	1823	1
75	3621	1
75	479	1
75	4170	1
75	4386	1
75	3811	3
75	4395	3
75	1843	1
75	4726	1
75	5560	1
75	4134	1
75	583	1
75	3706	1
75	5527	1
75	4722	1
75	2233	2
75	3242	1
75	3518	1
75	4110	2
75	3660	1
75	4185	1
75	491	1
75	1444	1
75	1269	1
75	852	1
75	2312	1
75	1320	1
75	1107	1
75	1221	1
75	4825	1
75	3718	1
75	4398	1
75	4060	1
75	5272	1
75	3874	1
75	893	1
75	2699	1
75	999	1
75	1579	1
75	2179	1
76	3951	1
76	3157	1
76	1080	1
76	819	1
76	5010	1
76	4737	1
76	364	1
76	2367	1
76	300	1
76	4651	1
76	1878	1
76	1898	1
76	556	1
76	2086	1
76	3872	1
76	570	1
76	5060	2
76	2942	1
76	902	1
76	2570	2
76	766	1
76	3084	1
76	335	1
76	966	1
76	3855	1
76	3366	1
76	1006	1
76	4749	1
76	3155	1
76	4554	1
76	3875	1
76	333	1
76	1672	1
76	1993	1
76	489	1
76	442	1
76	2353	1
76	899	1
76	2003	1
76	4552	1
76	3854	1
76	4205	1
76	2249	1
76	4803	1
76	2166	1
76	3826	2
76	5611	1
76	1910	1
76	2563	1
76	4660	1
76	1117	1
76	5494	1
76	1001	2
76	4625	1
76	4403	1
76	2815	1
76	5240	1
76	3853	1
76	852	1
76	4019	1
76	4331	1
76	3555	1
76	2569	1
76	5404	1
76	4002	1
76	853	1
76	1897	1
76	3156	1
77	3951	1
77	1160	1
77	2377	1
77	2583	1
77	3028	1
77	383	1
77	1035	1
77	1151	1
77	2367	1
77	4807	1
77	4945	1
77	4350	1
77	4963	1
77	836	1
77	1593	3
77	1400	1
77	3709	2
77	3322	1
77	1272	1
77	1761	1
77	3838	1
77	681	1
77	2791	1
77	5530	1
77	1836	1
77	3843	1
77	4657	2
77	1327	4
77	3374	1
77	1838	1
77	3497	1
77	331	1
77	4347	1
77	4582	1
77	4275	1
77	3968	1
77	2148	1
77	1989	1
77	2483	1
77	3745	1
77	3242	1
77	3776	1
77	3834	2
77	351	1
77	4905	1
77	1823	1
77	597	1
77	995	1
77	4932	1
77	4395	1
77	3847	1
77	4107	1
77	2614	1
77	4589	1
77	4312	1
77	1350	1
77	2218	1
77	2454	1
77	2094	1
77	2044	1
77	4749	1
77	3267	1
77	2972	1
77	529	1
77	2571	1
78	3951	1
78	257	1
78	3812	1
78	4991	1
78	919	1
78	958	2
78	4935	1
78	4515	1
78	2224	1
78	600	1
78	1868	2
78	2748	1
78	4759	1
78	4094	1
78	871	1
78	2009	1
78	3346	1
78	5641	1
78	1069	2
78	4885	1
78	4409	2
78	3224	2
78	4311	1
78	5029	1
78	4941	1
78	2550	1
78	2837	1
78	5616	2
78	2306	1
78	795	1
78	1396	1
78	3596	1
78	650	1
78	429	1
78	1326	2
78	666	1
78	4106	1
78	5619	1
78	4140	1
78	3521	1
78	1245	1
78	3792	1
78	1750	1
78	2678	1
78	1149	1
78	868	1
78	4840	1
78	5308	1
78	2133	1
78	4254	1
78	4397	1
78	2257	1
78	4689	1
78	1182	1
78	2776	1
78	2666	1
78	2060	1
79	3878	1
79	2037	1
79	3959	1
79	1114	1
79	5304	1
79	476	1
79	698	1
79	3746	1
79	5679	1
79	3863	1
79	1763	1
79	2000	1
79	998	1
79	4932	3
79	4395	4
79	428	1
79	1785	1
79	3627	1
79	1534	1
79	2179	1
79	1436	3
79	4369	1
79	4279	1
79	5604	1
79	3811	2
79	3347	2
79	444	1
79	4162	3
79	5513	1
79	4758	1
79	2153	1
79	1834	1
79	5572	1
79	1966	1
79	3155	1
79	2424	1
79	4333	1
79	1772	1
79	4261	2
79	5589	1
79	3559	1
79	1907	1
79	5379	1
79	5559	1
79	5019	1
79	429	1
79	5140	1
79	2119	1
79	318	1
79	768	1
79	3784	1
79	1879	1
80	3103	1
80	5211	1
80	4751	1
80	4800	1
80	511	1
80	4218	1
80	2814	1
80	556	1
80	1372	1
80	2935	1
81	3951	1
81	1148	1
81	5006	1
81	5148	1
81	1033	1
81	2881	1
81	1071	1
81	5350	1
81	642	1
81	298	3
81	1138	3
81	4381	1
81	1579	1
81	1217	1
81	5622	1
81	3073	1
81	1252	1
81	2421	1
81	1908	1
81	3705	1
81	289	1
81	3210	1
81	2808	1
81	623	1
81	1137	1
81	3823	1
81	3296	1
81	288	1
81	1135	1
81	3872	1
81	550	1
81	2341	1
81	4045	1
81	1571	1
81	858	1
81	1302	1
81	1586	1
81	569	1
81	2863	1
81	483	1
81	5076	1
81	2953	1
81	1672	1
82	3951	1
82	3663	1
82	312	1
82	958	1
82	5175	1
82	604	1
82	381	1
82	1161	1
82	4741	1
82	2246	1
82	4913	1
82	936	1
83	1059	2
83	3336	1
83	1135	1
83	1545	1
83	415	1
83	1896	1
83	913	2
83	4180	2
83	3718	4
83	561	4
83	4850	4
83	5485	1
83	3332	1
83	3933	1
83	5615	1
83	244	1
83	4957	1
83	4521	1
83	5419	1
83	5410	1
83	4378	1
83	690	1
83	2471	1
83	583	1
83	1567	1
83	4358	1
83	4162	1
83	4503	1
83	4955	1
83	4801	1
83	691	1
83	2785	1
83	1618	1
83	646	1
83	1877	1
83	1159	1
83	1017	1
83	4110	1
83	2275	1
83	4086	1
83	3844	1
83	1675	1
84	3951	1
84	268	1
84	255	1
84	5226	1
84	597	1
84	1498	1
84	1400	1
84	2739	1
84	4749	2
84	3958	2
84	3962	1
84	3035	1
84	3379	1
84	2098	1
84	1799	1
84	3993	1
84	1996	1
84	1016	1
84	2272	1
84	1651	1
84	2401	1
84	4638	1
84	620	1
84	1444	1
84	1696	2
84	2290	1
84	1179	1
85	3951	1
85	5194	1
85	1164	1
85	4056	1
85	5041	1
85	2893	1
85	3108	1
85	5399	1
85	1837	1
85	635	1
85	5446	1
85	3543	1
85	3058	1
85	1375	1
85	2468	1
85	4143	1
85	3882	1
85	4953	1
85	4932	1
85	3056	1
85	4593	2
85	4431	1
85	1077	1
85	3351	1
85	4339	1
85	788	1
85	4954	1
85	296	1
85	3659	1
86	4194	1
86	3590	1
86	5588	1
86	2201	1
86	703	2
86	4754	1
86	3875	1
86	1235	1
86	1877	1
86	2689	1
86	1219	1
87	1034	1
87	658	1
87	4843	1
87	4105	1
87	243	1
87	306	1
87	4409	4
87	2960	1
87	386	1
87	4607	1
87	3911	1
87	3718	2
87	809	1
87	4929	1
87	3019	2
87	635	1
87	4925	1
87	1189	1
87	1855	1
87	1690	1
87	3081	1
87	2004	1
87	4039	1
87	4678	1
87	3697	1
87	5356	1
87	3886	1
87	3328	1
87	4749	3
87	823	1
87	873	1
87	4774	1
87	5625	1
87	3752	1
87	5045	1
87	284	1
87	4213	1
87	2713	1
87	5007	1
87	3474	1
87	3950	1
87	4063	1
87	5665	1
87	1756	1
87	1425	1
87	461	1
87	4814	1
87	2880	1
87	3570	1
87	3815	1
87	3088	1
87	1715	1
87	3996	1
87	711	1
87	3909	1
87	1579	1
87	618	1
87	3093	1
87	275	1
87	3406	1
87	4220	1
87	3949	1
87	3974	1
88	3103	1
88	5190	1
88	4437	1
88	685	1
88	5015	1
88	1450	1
88	4459	1
88	2102	1
88	2806	1
88	3326	1
88	4382	2
88	3539	1
88	5212	1
88	1444	2
88	741	1
88	4290	1
88	577	1
88	3702	1
88	3656	1
88	3695	1
88	3319	1
88	678	1
88	265	1
88	2467	1
88	5617	1
88	4894	1
88	4806	1
88	5040	1
88	1453	1
88	3959	1
88	2991	1
88	3895	1
88	2862	1
88	5358	1
88	5008	1
88	665	1
88	3745	1
88	875	1
88	1205	1
88	3120	1
88	3966	1
88	4518	1
88	1746	1
88	3372	1
88	5577	2
88	4883	1
88	4773	1
88	3375	1
88	4013	1
88	866	1
88	603	1
88	5140	1
88	970	1
88	1975	1
89	3951	1
89	4576	1
89	4558	1
89	1122	1
89	3332	1
89	4968	1
89	3110	1
89	380	1
89	314	1
89	3193	1
89	5413	1
89	1029	1
89	4428	1
89	3637	1
89	5191	1
89	292	1
89	1074	1
89	2231	1
89	1026	1
89	2674	1
89	688	3
89	5365	1
89	5215	1
89	2379	1
89	4214	1
89	5595	1
89	1165	1
89	2145	1
89	874	1
89	1202	1
89	2308	1
89	355	1
89	863	1
89	2408	1
89	4564	1
89	1542	1
89	803	1
89	1579	1
89	5532	1
89	2279	1
89	286	1
89	1823	1
89	4306	1
89	4758	1
89	4751	1
89	1654	1
89	3718	2
89	4452	1
89	1598	1
89	2339	1
89	4327	1
89	2135	1
89	3680	1
89	4110	1
89	2774	1
89	5431	1
89	5625	1
89	2371	1
89	2019	1
89	2075	1
89	2527	1
89	5495	1
89	1956	1
89	750	1
89	2338	1
90	3951	1
90	5480	1
90	5348	1
90	4968	1
90	4207	1
90	3255	1
90	2893	1
90	431	1
90	721	1
90	3639	1
90	2188	1
90	810	1
90	1945	1
90	3976	1
90	2747	1
90	2315	1
90	4693	1
90	1756	1
90	2214	1
90	1326	1
90	1579	1
90	2487	1
90	4107	1
90	4110	1
90	5621	1
90	2979	1
90	4683	1
90	1006	1
90	1877	1
90	3995	1
90	1996	1
91	3951	1
91	259	1
91	819	1
91	371	1
91	3645	1
91	5031	1
91	3103	1
91	2367	1
91	5087	1
91	5422	1
91	2082	1
91	5036	4
91	5622	1
91	5609	1
91	5445	2
91	3841	1
91	581	1
91	5517	1
91	724	1
91	1651	1
91	5594	1
91	1376	1
91	1574	1
91	1918	1
91	5625	3
91	1254	4
91	4774	1
91	1357	1
91	608	1
91	4615	1
91	5261	1
91	2097	2
91	996	1
91	2590	1
91	2393	1
91	5570	2
91	4155	1
91	5601	1
91	2113	2
91	4702	1
91	2385	1
91	2996	1
91	992	1
91	1986	1
91	5267	1
91	3303	2
91	595	1
91	5118	1
91	1298	1
91	3094	1
91	3718	1
91	5159	1
91	2518	1
91	4823	1
91	769	1
91	5155	1
91	2313	1
91	2195	1
91	909	1
91	1365	1
91	5371	1
92	3951	1
92	4633	1
92	1102	1
92	5633	1
92	1119	1
92	3332	1
92	2367	1
92	3159	1
92	263	1
92	1098	1
92	1400	4
92	4089	1
92	5467	1
92	1355	1
92	995	1
92	1445	1
92	3249	1
92	1720	1
92	3242	1
92	3585	1
92	897	1
92	2820	1
92	3618	1
92	3887	1
92	4698	1
92	4417	1
92	4314	3
92	3959	2
92	703	2
92	2780	1
92	4749	1
92	4189	1
92	3354	1
92	1656	1
92	390	1
92	2609	1
92	1289	1
92	4110	1
92	2586	1
92	3934	1
92	978	1
92	4953	1
92	1272	1
92	2086	2
92	5417	1
92	650	1
92	1981	1
92	2065	1
92	2428	1
92	2091	1
92	2882	1
92	5381	1
92	2049	1
92	5421	1
92	1969	1
93	3951	1
93	3038	1
93	4676	1
93	927	1
93	2893	1
93	958	1
93	455	1
93	4281	1
93	4300	1
93	5446	1
93	3781	1
93	4784	1
93	4495	1
93	393	1
93	2284	1
93	4696	1
93	5512	1
93	1961	1
93	4329	1
93	1444	1
93	1540	1
93	4971	1
93	788	1
93	5632	1
93	3527	1
93	2151	1
93	1760	1
93	1821	1
93	840	1
93	2833	1
93	3558	1
93	5088	1
93	1643	1
93	3433	1
93	1715	1
93	4342	1
93	3782	1
93	4567	1
93	4568	1
93	3550	1
93	5572	1
93	4787	1
93	2251	2
93	3731	2
93	375	2
93	5487	1
93	3274	1
93	501	1
93	2331	1
93	5112	1
93	3956	1
93	5131	1
93	4749	1
94	3951	1
94	3038	1
94	4676	1
94	927	1
94	2893	1
94	958	1
94	455	1
94	4281	1
94	4300	1
94	5446	1
94	3781	1
94	4784	1
94	4495	1
94	393	1
94	2284	1
94	4696	1
94	5512	1
94	1961	1
94	4329	1
94	1444	1
94	1540	1
94	4971	1
94	788	1
94	5632	1
94	3553	1
94	1995	1
94	2833	1
94	3558	1
94	5088	1
94	1643	1
94	3433	1
94	1715	2
94	4342	1
94	3782	1
94	4567	1
94	4568	1
94	3550	1
94	5572	1
94	4778	1
94	2770	1
94	1822	1
94	3449	1
94	1636	1
94	3235	1
94	4013	1
94	3959	1
94	5131	2
94	1001	1
94	4272	1
94	1219	1
94	1255	1
94	4755	1
94	3293	1
94	420	1
94	4086	1
94	3844	1
94	660	1
94	3955	1
94	563	1
94	4751	1
94	4398	1
95	3951	1
95	3939	1
95	1113	1
95	4980	1
95	4281	1
95	4300	1
95	5446	1
95	3781	1
95	393	1
95	4495	1
95	2854	1
95	4696	1
95	5512	1
95	1961	1
95	4329	1
95	1444	1
95	1540	1
95	4971	1
95	788	1
95	5632	1
95	3553	1
95	1995	1
95	2833	1
95	3558	1
95	4567	2
95	5088	1
95	1731	1
95	3782	1
95	1643	1
95	3433	1
95	1715	3
95	4164	2
95	3550	1
95	4153	1
95	2964	1
95	1822	1
95	3438	2
95	703	2
95	4755	1
95	858	1
95	1302	1
95	3497	1
95	5653	1
95	1970	1
95	1445	1
95	3389	1
95	4490	1
95	3763	1
95	2226	1
95	3729	1
95	375	1
95	5625	2
95	3126	1
95	3350	1
95	1877	1
95	2747	1
95	4515	1
95	3376	1
95	5374	1
95	2942	1
95	696	1
95	616	1
95	1136	1
96	3951	1
96	1034	1
96	658	1
96	4843	1
96	4105	1
96	243	1
96	306	1
96	4409	3
96	5545	1
96	385	1
96	4606	1
96	2225	1
96	5213	1
96	5094	1
96	2887	1
96	3085	1
96	4929	1
96	2962	1
96	1579	1
96	1958	2
96	2418	1
96	995	2
96	3296	1
96	4884	1
96	3750	1
96	926	1
96	1892	1
96	2346	1
96	1838	1
96	1538	1
96	1010	1
96	2942	1
96	838	1
96	3718	3
96	3046	1
96	984	1
96	1926	1
96	1205	1
96	2221	1
96	2163	1
96	1817	1
96	3327	1
96	3467	1
96	4185	1
96	1777	1
96	4323	1
96	2784	1
96	770	1
96	3817	1
96	4677	1
96	1659	1
96	3609	1
96	1255	1
96	4753	1
96	2685	1
96	1815	1
96	1920	2
96	3898	1
96	3237	1
96	3909	1
96	2646	1
96	4679	1
96	3048	1
96	5354	1
96	2594	1
96	1431	1
96	2000	1
96	3523	1
96	4999	1
96	5611	1
96	955	1
96	1637	1
96	2350	1
96	1551	1
96	4106	1
96	3221	1
96	3814	1
96	4853	1
96	5375	1
96	4055	1
97	3951	1
97	268	1
97	255	1
97	5225	1
97	1170	1
97	2054	1
97	2583	1
97	2954	1
97	5349	1
97	2188	1
97	579	1
97	1996	2
97	4963	1
97	3034	1
97	560	1
97	3668	1
97	5622	1
97	1006	3
97	1877	1
97	5244	1
97	481	1
97	3643	1
97	667	1
97	617	1
97	3917	1
97	524	1
97	2890	1
97	4263	1
97	4749	2
97	3875	1
97	1537	1
97	3955	1
97	4438	1
97	5335	1
97	2022	1
97	4239	1
97	3391	1
97	5442	1
97	1557	1
97	3459	1
97	1604	1
97	4264	1
97	5300	1
97	1210	1
97	4797	1
97	811	1
97	1293	1
97	1823	1
98	3951	1
98	4612	1
98	3461	1
98	366	1
98	2565	1
98	3162	1
98	1444	1
98	4379	1
98	3718	2
98	3060	2
98	3369	1
98	1558	1
98	1022	1
98	1466	1
98	571	1
98	5686	2
98	4921	1
98	625	2
98	4410	1
98	3300	1
98	3366	1
98	1979	1
98	2457	1
98	4932	1
98	5614	1
98	2436	1
98	4110	1
98	3769	1
98	4367	1
98	3376	1
98	4989	1
98	2873	1
98	3384	1
98	3722	1
98	1938	1
98	1579	1
98	965	1
98	2356	1
98	1996	1
99	3951	1
99	3878	2
99	1616	2
99	2029	1
99	2028	1
99	4899	1
99	3603	1
99	3097	1
99	2463	1
99	2040	1
99	1763	1
99	1874	1
99	1445	1
99	2643	1
99	3836	1
99	1611	2
99	2695	1
99	3295	1
99	4728	1
99	4441	1
99	5432	1
99	2740	1
99	461	2
99	1406	1
99	1418	1
99	4329	2
99	1444	2
99	2386	1
99	1940	1
99	3845	1
99	1514	1
99	3513	1
99	2691	1
99	955	1
99	3165	1
99	967	1
99	1912	1
99	5248	1
99	4391	1
99	1436	1
99	2420	1
99	495	1
99	5049	1
99	2908	1
99	2481	1
99	1447	1
99	2113	1
99	700	1
99	3834	1
99	5329	1
99	1914	1
99	1509	1
99	5328	1
99	435	1
99	5278	1
99	4660	1
99	772	1
100	3951	1
100	3878	1
100	1616	2
100	2034	1
100	5601	1
100	5501	1
100	730	1
100	2028	1
100	3980	1
100	3778	1
100	1927	1
100	1668	1
100	1941	1
100	986	1
100	3504	1
100	3686	1
100	5330	1
100	3491	1
100	2640	1
100	2269	1
100	3526	1
100	2090	1
100	1592	1
100	983	1
101	3951	1
101	3878	1
101	1616	1
101	2032	1
101	4296	1
101	4960	1
101	1208	1
101	1774	1
101	3573	1
101	2089	1
101	5248	1
101	606	1
101	4310	1
101	5188	1
101	2546	1
101	5049	1
101	4013	1
101	2900	1
101	3084	1
101	4126	1
101	2269	1
101	3525	1
101	3813	1
101	3220	1
101	5243	1
101	3614	1
101	5687	1
101	1668	1
101	1769	1
101	3529	1
101	1677	1
101	3470	1
101	1915	1
101	825	1
101	1813	1
101	2686	1
101	3198	1
101	3043	1
101	3870	1
101	683	1
102	3951	1
102	5175	1
102	722	1
102	1060	1
102	382	1
102	3278	1
102	5325	1
102	2871	1
102	3298	1
102	1960	1
102	1590	1
102	5391	1
102	4953	1
102	444	1
102	764	1
102	3506	1
102	1614	1
102	775	1
102	2599	1
102	3704	1
102	4534	1
102	1230	2
102	3929	1
102	4320	3
102	4121	1
102	358	1
102	5595	3
102	1915	4
102	1568	3
102	527	1
102	1959	1
102	4918	2
102	3222	2
102	522	1
102	4122	1
102	4840	3
102	706	1
102	2271	1
102	663	1
102	3912	1
102	703	1
102	1877	1
102	2168	1
102	2309	1
102	2562	1
102	3612	1
102	1252	1
102	3069	1
102	1495	4
102	3458	1
102	2179	4
102	1001	1
102	1549	1
102	3345	1
102	3486	1
102	5365	1
102	4763	1
102	868	1
102	4394	1
102	5457	1
102	1350	1
102	4811	1
102	3705	1
102	3593	1
102	634	1
102	1758	1
102	572	3
102	3749	1
102	1002	1
102	1612	1
102	746	1
102	626	1
102	3129	1
102	3904	3
102	630	1
102	1492	1
102	538	1
102	4444	1
102	2276	1
102	4541	1
102	2086	1
102	5239	1
102	5680	1
102	4432	1
102	4377	1
102	5245	1
102	5459	2
102	4578	2
102	1613	1
102	583	1
102	4762	1
102	1685	1
102	2834	1
102	3456	1
102	3691	1
102	637	1
102	1217	1
102	2642	1
102	3862	1
102	3433	1
102	4037	1
102	510	1
102	4665	1
102	3434	1
102	5614	1
102	275	1
102	1658	1
103	3951	1
103	4968	1
103	5208	1
103	822	1
103	3455	1
103	1666	1
103	5498	1
103	501	1
103	2331	1
103	503	1
103	3563	1
103	3995	1
103	1996	1
103	5169	1
103	1851	1
103	4110	1
103	2774	1
104	3951	1
104	3159	1
104	5566	1
104	4998	1
104	2367	1
104	5116	1
104	5002	1
104	344	1
104	5362	1
104	4511	1
104	767	1
104	5494	1
104	985	1
104	1204	1
104	2201	2
104	3689	1
104	308	1
104	4009	1
104	1138	1
104	799	1
104	1444	1
104	1944	1
104	1880	1
104	598	1
104	4174	1
104	1531	1
104	1606	1
104	3581	1
104	2710	1
104	4746	1
104	4869	1
104	3500	1
104	3276	1
105	3951	1
105	4711	1
105	819	1
105	4834	1
105	4111	1
105	4250	1
105	4986	1
105	1897	1
105	963	1
105	1246	1
105	4578	1
105	1198	1
105	1304	1
105	4231	1
105	3000	1
106	3951	1
106	316	1
106	4748	1
106	3589	1
106	317	1
106	368	1
106	3283	1
106	1049	1
106	5116	1
106	4405	1
106	3290	1
106	2893	1
106	4194	1
106	5011	1
106	4529	1
106	2128	1
106	1625	2
106	1323	1
106	2039	1
106	4858	1
106	1483	1
106	2947	1
106	3582	1
106	4398	1
106	4110	1
106	3959	1
106	5641	1
106	2985	1
106	4107	1
106	3253	2
106	709	1
106	1614	1
106	1332	1
106	2866	1
106	5624	1
106	2138	1
106	1012	1
106	1365	1
106	5677	1
106	3906	1
106	1708	1
106	1650	1
106	3659	1
106	878	1
106	4320	1
106	3699	1
106	5028	1
106	1568	2
106	5079	1
106	1534	1
106	2394	1
106	5599	1
106	4203	1
106	3243	1
106	729	1
107	3951	1
107	4968	2
107	5576	1
107	1047	1
107	3289	1
107	819	1
107	1119	1
107	5063	1
107	2893	1
107	257	1
107	4613	1
107	3455	1
107	705	1
107	2202	1
107	4749	1
107	3676	1
107	5371	1
107	5573	1
107	4110	1
107	2774	1
107	3626	1
107	3084	1
107	4210	1
107	2936	1
107	708	1
107	1482	1
107	806	1
107	4569	1
107	4956	1
107	1365	1
107	3503	1
107	3873	1
107	5409	1
107	2170	1
107	1445	1
107	4425	1
107	1551	1
107	2442	1
107	2851	1
107	3738	1
107	1611	1
107	1448	1
108	3951	1
108	3637	1
108	4992	1
108	1519	1
108	3157	1
108	2367	1
108	267	1
108	4735	1
108	4362	1
108	1070	1
108	3084	1
108	1517	1
108	2111	1
108	2835	1
108	562	1
108	3815	1
108	5036	1
108	5365	1
108	1485	1
108	5159	1
108	3034	1
108	551	1
108	5595	1
108	1165	1
109	3951	1
109	4968	1
109	3665	1
109	3960	1
109	343	1
109	1381	1
109	5480	1
109	3175	1
109	2944	1
109	4983	1
109	697	1
109	3536	1
109	1260	1
109	665	1
109	3928	1
109	5650	1
109	5118	1
109	3920	1
109	5113	1
109	5070	1
109	5018	2
109	5468	2
109	917	2
109	4568	1
109	1542	1
109	3531	1
109	1523	1
109	3467	1
109	2202	1
109	5574	1
109	3776	1
109	2977	1
109	1810	1
109	951	1
109	2010	1
109	4293	2
109	5119	1
109	4594	1
109	2457	1
109	5534	1
110	3951	1
110	5450	1
110	4751	1
110	4800	1
110	963	1
110	4029	1
110	1274	1
110	4617	1
110	3450	1
110	5452	1
110	1518	1
110	2430	1
110	1662	1
110	2453	1
110	3177	1
110	4133	1
110	2709	1
110	3291	1
110	3169	1
110	4006	1
110	1793	1
110	483	1
110	5271	1
110	2110	1
110	2107	1
111	3951	1
111	4788	1
111	313	1
111	4281	1
111	4300	1
111	5446	1
111	3781	1
111	4784	1
111	4495	1
111	393	1
111	2284	1
111	4696	1
111	2013	1
111	590	2
111	5051	1
111	4952	2
111	1715	2
111	4182	1
111	3550	1
111	2211	1
111	1467	1
111	5276	1
111	2074	1
111	1762	1
111	3979	1
111	3799	1
111	4029	1
111	2207	1
111	1502	1
111	1970	1
111	1445	1
111	2729	1
111	1920	1
111	3467	1
111	4279	1
111	3088	1
111	2156	1
111	1989	1
111	518	1
111	1521	1
112	3951	1
112	4968	1
112	424	1
112	4780	1
112	3285	1
112	1693	1
112	1800	1
112	3910	1
112	1227	1
112	4468	1
112	1878	1
112	1668	1
112	1733	1
112	744	1
112	1961	1
112	4436	1
112	1611	1
112	5357	1
112	2117	1
112	619	1
112	1554	1
112	863	1
112	3444	1
112	4012	1
112	357	1
112	4926	1
112	949	1
112	2227	1
113	3951	1
113	5181	1
113	4891	1
113	4568	1
113	3550	1
113	4985	1
113	2772	2
113	3678	1
113	5034	1
113	2068	1
113	1744	1
113	4278	1
113	1444	1
113	3145	1
113	3662	2
113	520	1
113	3642	1
113	5418	1
113	5525	1
113	1004	1
113	3823	1
113	5080	1
113	1706	2
113	1715	1
113	4509	1
113	963	1
113	480	1
113	295	1
113	3242	1
113	2069	1
113	1745	1
113	3519	1
113	5004	1
113	518	1
113	1521	1
113	2702	1
113	848	1
113	2142	1
113	4431	1
113	2457	1
113	4261	1
113	3044	1
114	3951	1
114	1160	2
114	3785	2
114	4542	1
114	3332	2
114	2367	2
114	2567	2
114	827	1
114	4638	1
114	826	1
114	4559	1
114	4164	1
114	3452	1
114	2109	1
114	1996	2
114	1082	5
114	2866	1
114	3248	1
114	1079	1
114	2121	1
114	2105	1
114	1283	1
114	2585	1
114	1282	1
114	1244	2
114	4131	1
114	1444	1
114	2086	1
114	2385	1
114	867	1
114	4969	1
114	2182	1
114	5321	1
114	4438	1
114	5402	1
114	4760	1
114	3391	1
114	2904	1
114	4204	1
114	582	1
115	3951	1
115	4968	2
115	310	1
115	246	1
115	282	1
115	5633	1
115	5451	1
115	4835	1
115	717	1
115	4822	1
115	4831	1
115	5416	1
115	3041	1
115	2566	1
115	301	1
115	1095	1
115	3455	2
115	4066	1
115	3579	2
115	4333	2
115	4973	1
115	1395	1
115	2650	1
115	3344	1
115	809	1
115	4438	1
115	4383	1
115	4939	2
115	755	1
115	1233	1
115	2282	1
115	1877	1
115	3547	1
115	3376	1
115	5446	1
115	3274	1
115	1625	1
115	1646	1
115	787	1
115	1524	1
115	556	1
115	1258	1
115	2758	1
115	1150	1
115	4885	1
115	3151	1
115	2283	1
115	4174	1
115	1760	1
115	1651	1
115	3805	1
115	708	1
115	1573	1
116	3951	1
116	4968	1
116	5208	1
116	821	1
116	4368	1
116	5631	1
116	1693	1
116	3577	1
116	4433	1
116	1294	1
116	780	1
116	2307	1
116	3755	1
116	1972	1
116	729	1
116	4411	1
116	3839	1
116	5284	1
116	3313	1
116	5296	1
116	3842	1
116	4243	1
116	5520	1
116	1765	1
116	773	1
116	3878	1
116	815	1
116	1444	1
117	3951	1
117	4105	1
117	5092	1
117	2923	1
117	395	1
117	1880	1
117	3455	2
117	1865	1
117	1241	1
117	3090	1
117	3051	1
117	1139	1
117	4487	1
117	4152	1
117	645	1
117	4579	1
117	5152	2
117	907	1
117	5075	1
117	5383	1
117	465	1
117	552	1
117	293	1
117	1286	1
117	4693	1
117	1345	1
117	1329	1
117	1854	1
117	3464	1
117	825	1
117	2963	1
117	1557	1
117	2801	1
117	3712	1
117	4354	1
117	5160	1
117	4457	1
117	4696	1
117	3225	1
117	5058	1
117	1611	1
117	444	1
117	4012	1
117	459	1
117	1255	1
117	5095	1
117	287	1
117	2347	1
117	4640	1
117	742	1
117	4482	1
117	2079	1
117	3703	1
117	1818	1
118	3951	1
118	3637	1
118	4995	1
118	4500	1
118	3511	1
118	4417	1
118	1193	1
118	541	1
118	5223	1
118	4162	1
118	3974	1
118	2974	1
118	3346	1
118	2166	1
118	3644	1
118	4180	1
118	2433	1
118	1622	1
118	784	1
118	4742	1
118	2085	1
118	845	1
118	1715	1
118	4362	1
118	1830	1
118	2051	1
118	1566	1
118	475	1
118	1371	1
118	3416	1
118	3903	1
118	1318	1
119	3951	1
119	3637	1
119	4996	1
119	4502	1
119	3696	1
119	486	2
119	911	1
119	1264	1
119	915	1
119	5438	1
119	5321	1
119	3481	1
119	2175	1
119	4368	1
119	848	1
119	5186	1
119	4041	1
119	523	1
119	2851	1
119	3365	1
119	4363	1
119	2166	1
119	4645	1
119	3905	1
119	2086	1
119	2790	1
119	4298	1
119	2186	1
119	3344	1
119	1007	1
119	2380	1
119	627	1
119	1908	1
120	3951	1
120	720	1
120	2367	1
120	3637	1
120	3206	1
120	819	1
120	3192	1
120	1526	1
120	5107	1
120	3084	1
120	5607	3
120	2624	1
120	3209	1
120	1550	1
120	1512	1
120	2445	1
120	5302	1
120	4867	1
120	3817	1
120	1013	1
120	3963	1
120	5054	1
120	5160	1
120	3035	1
120	2858	1
120	3230	1
120	4885	1
120	2402	1
120	1504	1
120	2405	1
120	1336	1
120	4886	1
120	5270	1
120	2210	1
120	2503	1
120	3564	1
120	2185	1
120	3286	1
120	2096	1
120	2086	1
120	2165	2
120	3486	1
120	725	1
120	1335	1
120	2439	1
120	1459	1
120	2114	1
120	1880	1
120	3199	1
120	3613	1
120	1248	1
120	1001	2
120	1444	1
120	1750	1
120	3907	1
120	2408	1
120	3344	1
120	1145	1
120	1353	1
120	1899	1
120	1302	1
120	5644	1
120	3666	1
120	5359	2
120	1326	1
120	1999	1
120	2866	1
120	1346	1
120	5622	1
121	3951	1
121	3637	1
121	4994	1
121	2153	1
121	1552	1
121	788	1
121	4659	1
121	5594	1
121	3666	1
121	1318	1
121	2507	1
121	4458	1
121	1016	1
121	3410	1
121	5139	1
121	3719	2
121	2161	2
121	1306	1
121	2955	1
121	3411	1
121	3857	1
121	3243	1
121	3383	1
121	3420	1
121	5366	1
121	1002	1
121	1165	1
121	4362	1
121	1485	1
121	997	1
121	3492	1
121	2971	1
121	475	1
121	742	1
121	1828	1
121	2344	1
121	1264	1
121	915	1
122	3951	1
122	407	1
122	5033	1
122	4511	1
122	818	1
122	736	2
122	1573	5
122	1473	4
122	2331	1
122	4133	1
122	3347	2
122	1486	1
122	3994	3
122	3151	1
122	5229	1
122	1527	1
122	2753	1
122	3938	1
122	4363	1
122	1847	1
122	496	1
122	4875	1
122	4012	1
122	856	1
122	416	1
122	949	1
122	1099	1
122	1163	1
122	1385	1
122	4575	1
122	4750	1
122	4926	1
122	5316	1
122	3288	1
122	4724	1
122	287	1
122	459	1
122	1265	1
122	2746	1
122	283	1
122	915	1
122	4010	1
122	4098	1
122	4329	2
122	1444	2
122	5369	1
122	1111	1
122	1610	1
122	4484	1
122	2079	1
122	737	1
122	3974	1
122	1600	1
122	5477	1
122	4693	1
122	2804	1
122	1579	1
122	1880	1
122	5367	1
122	2005	1
122	4180	1
122	1584	1
122	1278	1
122	2085	1
122	3488	1
122	592	1
122	3084	1
122	2491	1
122	5187	1
122	1544	1
122	3918	1
122	1194	1
122	4464	1
122	2088	1
122	1280	1
122	1601	1
122	1877	1
122	2866	1
122	5675	1
123	3951	1
123	4968	1
123	5628	1
123	5106	1
123	311	1
123	3671	1
123	2367	1
123	5237	1
123	5561	1
123	4162	1
123	4816	1
123	1207	1
123	3296	1
123	848	1
123	3955	1
123	5352	1
123	2192	1
123	1340	1
123	3844	1
123	5570	1
123	5202	1
123	5113	1
123	3250	1
123	4524	1
123	708	1
123	2357	1
123	2115	1
123	3118	1
123	1272	1
123	1786	1
123	5079	1
123	1535	1
123	5625	1
123	1810	1
123	951	1
123	2010	1
123	5381	1
123	3246	1
123	1651	1
123	3929	1
123	4320	1
123	3448	1
124	3951	1
124	3878	1
124	1616	1
124	2032	1
124	4296	1
124	1485	1
124	4417	1
124	887	1
124	4468	1
124	1240	1
124	1761	1
124	5508	1
124	2184	1
124	2744	1
124	2268	1
124	3525	1
124	3813	1
124	3220	1
124	5243	1
124	3611	1
124	5687	1
124	1666	1
124	1767	1
124	3528	1
124	4157	1
124	3470	1
124	1915	1
124	825	1
124	1813	1
124	2688	1
124	3198	1
124	3043	1
124	3870	1
124	683	1
125	3951	1
125	4843	1
125	3332	1
125	2893	1
125	3191	1
125	1128	1
125	4799	1
125	729	1
125	561	1
125	4850	1
125	1880	1
125	3347	1
125	5229	1
125	5603	1
125	2201	1
125	5464	1
125	4696	1
125	5474	1
125	3523	1
125	4110	1
125	2645	1
125	3718	1
126	3951	1
126	4843	1
126	323	1
126	4227	1
126	4751	1
126	4800	1
126	580	1
126	3718	1
126	4411	1
126	1485	1
126	5159	1
126	2541	1
126	3593	1
126	2658	1
127	3951	1
127	1160	1
127	3785	1
127	4968	1
127	4087	1
127	3062	1
127	3408	1
127	2367	1
127	5180	1
127	1039	1
127	3979	1
127	3455	2
127	1671	1
127	4583	1
127	3995	1
127	1996	1
127	3401	1
127	4946	1
127	4999	2
127	1326	1
127	1244	1
127	954	1
127	2105	1
127	1630	1
127	2827	1
127	3795	1
127	1749	1
127	2323	1
127	1933	1
127	2419	1
127	1395	1
127	1487	2
127	1696	2
127	1179	1
127	2470	1
127	2629	1
127	1056	1
127	3056	1
127	2361	1
127	4882	1
128	3951	1
128	5196	1
128	3168	1
128	3218	1
128	1090	1
128	1064	1
128	3205	1
128	2893	1
128	3312	1
128	1394	1
128	697	1
128	3455	1
128	4013	1
128	5579	1
128	1444	1
128	2830	1
128	4386	1
128	4411	1
128	2297	1
128	3620	1
128	854	1
128	3056	1
128	5167	1
128	4649	1
128	4692	1
128	2777	1
128	4398	1
128	618	1
128	3995	1
128	1996	1
128	4110	1
128	3615	1
128	1052	1
129	3951	1
129	311	1
129	5458	1
129	4130	1
129	4105	1
129	4584	1
129	3075	1
129	4888	1
129	1093	1
129	4968	1
129	5576	1
129	1047	1
129	2592	1
129	4225	1
129	1823	1
129	644	1
129	1056	2
129	1569	2
129	1902	1
129	2181	1
129	1651	4
129	1692	1
129	4749	1
129	3267	1
129	1020	1
129	1279	1
129	2022	1
129	2494	1
129	3995	1
129	1996	1
129	4533	2
129	3745	1
129	2044	2
129	1750	2
129	2419	2
129	1850	2
129	823	1
129	4535	1
129	4389	2
129	2187	2
129	4581	1
129	5538	1
129	878	1
129	1174	1
129	1360	1
129	4658	1
129	1733	1
130	3951	1
130	5633	1
130	5451	1
130	4835	1
130	4968	1
130	717	1
130	2253	1
130	5318	1
130	467	1
130	3452	1
130	1588	1
130	5570	2
130	1326	2
130	1579	2
130	2404	1
130	5301	1
130	729	2
130	4411	2
130	1020	2
130	1996	1
130	2680	1
130	1553	1
130	1303	1
130	1711	1
130	576	1
130	1395	1
130	3718	1
130	2471	1
130	4792	1
130	1018	1
130	932	1
130	4727	1
130	5511	1
130	779	1
130	2781	1
130	5038	1
130	4847	1
130	5625	1
130	823	1
130	5594	1
130	1346	1
130	1757	1
130	4580	1
130	3485	1
130	2334	1
130	1402	1
130	420	1
130	4850	1
130	1924	1
130	4832	1
130	5212	1
130	1955	1
130	1473	1
130	843	1
130	1541	1
130	863	1
130	955	1
130	1458	1
130	1917	1
131	3951	1
131	4633	1
131	1102	1
131	2345	1
131	5323	1
131	3441	1
131	2015	1
131	1588	1
131	4062	2
131	786	3
131	4175	1
131	1518	1
131	1934	1
131	3850	1
131	5651	2
131	3423	1
131	4446	1
131	2614	1
131	4985	1
131	1399	1
131	3076	1
131	2950	1
131	4466	1
131	5262	1
131	2914	1
132	3951	1
132	3159	1
132	263	1
132	1097	1
132	4561	1
132	1154	1
132	2367	1
132	1519	1
132	3163	1
132	4568	1
132	3550	1
132	5572	1
132	4778	1
132	2770	1
132	1822	1
132	3760	1
132	1924	1
132	1534	1
132	5625	1
132	2903	1
132	4963	2
132	2074	1
132	1762	1
132	4799	1
132	1715	1
132	338	1
132	420	1
132	4868	1
132	3927	1
132	3658	1
132	1798	1
132	2847	1
132	2073	1
132	3827	1
132	3668	1
132	2541	1
133	3951	1
133	3159	1
133	263	1
133	1097	1
133	4561	1
133	1154	1
133	2367	1
133	1519	1
133	3163	1
133	4568	1
133	3550	1
133	2151	1
133	1882	1
133	2770	1
133	2412	1
133	1659	1
133	3699	1
133	5625	2
133	4166	1
133	3914	1
133	995	1
133	4813	1
133	1611	1
133	1738	1
133	5570	1
133	2155	1
133	729	1
133	2665	1
133	868	1
133	4840	1
133	1001	1
134	3951	1
134	4968	1
134	717	1
134	5385	1
134	1040	1
134	2367	1
134	337	1
134	5144	1
134	3621	1
134	5066	1
134	4461	1
134	4110	1
134	1400	1
134	4285	1
134	1919	1
134	3390	1
134	2610	1
134	1020	1
134	1996	1
134	2630	1
134	2207	1
134	5629	1
134	4463	1
134	2259	1
134	922	1
135	3951	1
135	3278	1
135	4712	1
135	2893	1
135	3213	1
135	4878	1
135	4438	1
135	3598	1
135	2680	1
135	2015	1
135	2390	1
135	2046	2
135	2416	1
135	1894	1
135	882	1
135	1651	1
135	3765	1
135	1718	1
135	4386	3
135	4411	3
135	2343	1
135	615	1
135	697	1
135	3799	1
135	2076	1
135	1694	1
135	3034	1
135	1902	1
135	1724	1
135	4110	1
135	1395	2
135	577	1
135	4967	1
135	4292	1
135	5212	1
135	1433	1
135	1919	1
135	1911	1
135	2013	1
135	2981	1
135	703	1
135	4755	1
135	4623	1
135	922	2
135	1354	1
135	2045	1
135	3033	2
135	3945	1
135	1649	1
135	2537	1
135	5594	1
135	1846	1
135	2124	1
135	5158	1
136	3951	1
136	3142	1
136	1038	1
136	2893	1
136	5114	1
136	418	1
136	1823	1
136	642	1
136	4108	1
136	3072	1
136	1252	1
136	4033	1
136	1696	1
136	2448	1
136	1179	1
136	2765	1
136	5207	1
136	1733	1
136	1867	1
136	969	1
136	1862	1
136	2108	1
137	3951	1
137	5387	1
137	5470	1
137	369	1
137	2367	1
137	4837	1
137	3472	1
137	1823	1
137	1541	1
137	3455	1
137	1173	1
137	308	1
137	1138	1
137	5066	1
137	703	1
137	4431	1
137	4941	1
137	3056	1
137	4646	1
137	2544	1
137	4850	1
137	2799	1
137	3092	1
137	5629	1
137	854	1
137	4139	1
137	3318	1
137	3748	1
137	1326	1
137	2921	1
137	4649	1
137	4110	1
137	4043	1
137	1921	1
137	2398	1
137	1020	1
137	1996	1
138	3951	1
138	3278	1
138	5097	1
138	936	1
138	4968	1
138	3178	1
138	3007	1
138	2367	1
138	267	1
138	4732	1
138	1823	1
138	3955	1
138	4769	1
138	4085	2
138	1545	1
138	4999	1
138	3084	1
138	411	1
138	435	1
138	2362	1
138	4397	1
138	468	1
138	3615	1
138	3834	1
138	3266	1
138	2223	1
138	707	1
138	419	1
138	2975	1
138	815	1
138	1444	1
138	4961	1
138	1018	1
138	5262	1
138	3259	1
138	3203	1
139	3951	1
139	4968	1
139	377	1
139	4670	1
139	3040	1
139	2893	1
139	5189	1
139	5380	1
139	2023	1
139	1823	1
139	1541	2
139	3817	1
139	2202	2
139	4747	1
139	3891	1
139	1922	1
139	2633	1
139	5395	1
139	1485	1
139	3869	2
139	4155	1
139	2752	1
139	5053	1
139	1669	1
139	2115	1
139	3452	1
139	5673	1
139	1367	1
139	1583	1
139	2384	1
139	3250	1
139	1116	1
139	4857	1
139	4245	1
139	680	1
140	3951	1
140	4968	1
140	3204	1
140	2021	1
140	4931	1
140	5182	1
140	3935	1
140	2358	1
140	4570	1
140	5343	1
140	1996	2
140	1096	1
140	3874	1
140	1176	1
140	631	1
140	1493	1
140	3250	1
140	2823	1
140	1689	1
140	877	1
140	4455	1
140	801	1
140	1850	1
140	2523	1
140	5535	1
140	3526	1
140	3817	1
140	4013	1
140	2251	1
140	2202	1
140	3277	1
140	5003	1
140	439	1
140	771	1
140	4015	1
140	4784	1
140	2126	1
140	1765	1
140	828	1
140	1827	1
140	2866	1
140	1056	1
140	1434	1
140	2399	1
140	1589	1
140	2182	1
140	4187	1
140	2188	1
140	589	1
140	462	1
140	5625	1
140	4449	1
140	5688	1
140	272	1
140	5622	2
140	3366	3
140	1116	3
140	4776	2
140	3179	2
140	2978	1
140	4857	1
141	3951	1
141	3103	1
141	5209	1
141	1519	1
141	3157	1
141	1035	1
141	1151	1
141	2620	1
141	4132	1
141	4556	1
141	2574	1
141	2931	1
141	3257	1
141	4638	1
141	977	1
141	1006	3
141	4749	3
141	3267	1
141	864	1
141	3301	1
141	5419	1
141	797	1
141	1903	1
141	2949	1
141	760	1
141	1427	1
141	299	1
141	1168	1
141	642	1
141	1195	1
141	2181	1
141	4683	1
141	1877	2
141	3097	1
141	2449	1
141	2412	1
141	4411	1
141	4491	1
141	3150	2
141	3995	1
141	1996	2
141	986	1
141	1351	1
141	1421	1
141	2528	1
141	5509	1
141	1360	1
141	1407	1
141	2188	1
141	825	1
141	445	1
141	1326	1
141	2437	1
141	1020	1
141	1449	1
141	3126	1
141	5641	1
141	5670	1
141	3033	1
141	665	1
141	3921	1
141	703	1
141	2697	1
141	656	1
141	3088	2
141	4587	1
141	5229	1
141	1317	1
141	1485	1
141	4388	1
141	4706	1
141	441	1
141	5671	1
141	1180	1
141	2270	1
141	4812	1
141	1194	1
141	3931	1
141	4549	1
141	4236	1
141	2732	1
142	3951	1
142	4968	1
142	3191	1
142	1127	1
142	310	1
142	2071	1
142	245	1
142	449	1
142	2333	1
142	1309	1
142	3718	2
142	2471	2
142	837	1
142	4386	3
142	2293	1
142	889	1
142	4467	1
142	2174	1
142	1842	1
142	2577	1
142	3987	1
142	341	1
142	3708	1
142	2304	1
142	5371	1
142	996	1
142	1579	3
142	2472	1
142	1568	1
142	3171	1
142	5071	1
142	4106	1
142	971	1
142	1742	1
142	5024	1
142	3832	1
142	5654	1
142	3394	1
142	4847	1
142	2672	1
142	3533	1
142	896	1
142	1313	1
142	2106	1
142	1333	1
142	3687	1
142	878	1
142	1285	1
142	5109	1
142	793	1
142	3039	1
142	2670	1
142	4999	1
142	1395	1
142	2216	1
142	3576	1
142	1572	1
142	2097	1
142	4185	1
142	1978	1
142	1718	1
142	4187	1
142	3165	1
142	757	1
142	968	1
142	756	1
142	1651	2
142	2731	1
142	4013	2
142	1444	2
142	4164	1
142	3455	1
142	5641	1
142	4110	2
142	4108	1
142	2909	1
142	799	1
142	2630	1
142	1514	1
142	2062	1
142	1645	1
142	2451	1
142	3327	1
142	3661	1
142	1916	1
143	3951	1
143	4405	1
143	1027	1
143	4633	1
143	923	1
143	281	1
143	2367	1
143	311	1
143	3684	1
143	3016	1
143	1579	1
143	4411	2
143	461	1
143	1031	1
143	2858	1
143	1613	2
143	3125	1
143	3540	1
143	690	1
143	4604	1
143	4765	2
143	3118	1
143	4332	1
143	790	1
143	2352	1
143	3986	1
143	4112	1
143	1346	2
143	2305	1
143	889	1
143	878	1
143	3710	1
143	2123	1
143	1936	1
143	1782	1
143	2427	1
143	4820	1
143	3985	1
143	4255	1
143	729	1
143	4386	1
143	1823	1
143	4362	1
143	4202	1
143	4338	1
143	2782	1
143	1174	1
143	5364	1
143	4110	1
143	2738	1
143	3705	1
143	1907	1
143	3266	1
143	5662	1
143	1996	1
143	4404	1
143	2851	1
143	3606	1
143	4426	1
143	526	1
143	3115	1
143	2715	1
143	5515	1
143	882	1
143	1651	1
143	2379	1
143	5478	1
143	1977	1
144	3951	1
144	458	1
144	2071	1
144	2367	1
144	1162	1
144	1762	1
144	5657	1
144	4862	1
144	360	1
144	2258	1
144	4860	1
144	1877	1
144	913	1
144	4808	1
144	1978	1
144	4110	1
144	973	1
144	3150	1
144	4411	1
144	988	1
144	3093	1
145	3951	1
145	1167	1
145	5150	1
145	1996	1
145	4528	1
145	4160	1
145	487	1
145	3789	1
145	3632	1
145	4411	2
145	4164	1
145	1823	1
145	3744	1
145	1733	1
145	1998	1
145	1001	1
145	4515	1
145	4320	1
145	3146	1
145	655	1
145	279	1
145	815	1
145	1444	1
145	823	1
145	4568	1
145	3455	1
145	1357	1
145	5484	1
145	3715	1
145	2121	1
145	4770	1
146	3951	1
146	4968	1
146	5633	1
146	5221	1
146	454	1
146	500	1
146	819	2
146	3306	1
146	4401	1
146	5182	1
146	5098	1
146	2367	1
146	330	1
146	242	1
146	3036	1
146	251	1
146	1862	1
146	2022	1
146	4329	1
146	1444	3
146	4773	1
146	5153	1
146	3815	1
146	4411	1
146	5371	1
146	1177	1
146	4251	1
146	3342	1
146	2769	1
146	1257	1
146	4908	1
146	3676	1
146	1174	1
146	4953	1
146	3043	1
146	642	1
146	1963	1
146	1446	1
146	5539	1
146	5636	1
146	1827	1
146	1018	1
147	3951	1
147	4968	1
147	310	1
147	246	1
147	282	1
147	5633	1
147	5451	1
147	4835	1
147	2893	1
147	718	1
147	1579	1
147	1020	1
147	1996	1
147	1973	1
147	463	1
147	2381	1
147	5629	1
147	3017	1
147	4172	1
147	2839	1
147	4932	2
147	4395	3
147	1384	1
147	4110	1
147	642	1
147	4389	1
147	1672	1
147	2505	1
147	5555	1
147	1651	1
147	526	1
147	4237	1
147	2887	1
147	4743	1
147	3455	1
147	1841	1
147	880	1
147	1750	1
147	3215	1
147	1577	1
147	3741	1
147	886	1
147	3667	1
147	2475	1
148	3951	1
148	4968	1
148	4738	1
148	1123	1
148	5448	1
148	5176	1
148	5207	1
148	2893	1
148	5180	1
148	3001	1
148	3455	2
148	4168	1
148	868	1
148	1915	1
148	5299	1
148	3490	1
148	1974	1
148	3627	1
148	3858	1
148	4317	1
148	1649	1
148	1018	1
148	4544	1
148	1996	1
148	697	1
148	5642	1
148	1876	1
148	1651	1
148	2947	1
148	1328	1
148	1669	1
148	2146	1
148	5460	1
148	1444	1
148	4120	1
148	3978	1
148	4840	1
148	5465	1
148	251	1
148	4548	1
149	3951	1
149	1058	1
149	1055	1
149	5615	1
149	244	1
149	4917	1
149	4329	1
149	3153	1
149	3048	1
149	1158	1
149	2605	1
149	1713	1
149	4267	1
149	5038	1
149	5625	1
149	615	1
149	1727	1
149	4472	1
149	712	1
149	4520	1
149	3006	1
149	1291	1
149	1262	1
149	2889	1
149	2858	1
149	3624	1
149	1235	1
149	1419	1
149	4164	1
149	633	1
149	1228	1
149	1307	1
149	1380	1
149	4958	1
149	5037	1
149	809	1
149	1741	1
150	3951	1
150	4968	1
150	3665	1
150	3961	1
150	1823	1
150	4799	1
150	732	1
150	3718	1
150	4411	1
150	1332	1
150	2328	1
150	4985	1
150	1395	1
150	4386	1
150	926	1
150	2012	1
150	2140	1
150	3867	1
150	1568	1
150	4110	1
150	4749	1
150	3267	1
150	1862	1
150	2022	1
151	3951	1
151	5192	1
151	4978	1
151	3764	1
151	4968	1
151	310	1
151	246	1
151	282	1
151	2367	1
151	3200	1
151	4101	1
151	5184	1
151	3959	4
151	3150	1
151	1138	1
151	4598	1
151	4326	1
151	776	1
151	4597	1
151	1326	2
151	2836	1
151	3402	1
151	3987	1
151	1485	1
151	1579	2
151	4164	1
151	3441	1
151	1212	1
151	1395	2
151	5229	1
151	4309	1
151	4386	1
151	1996	2
151	3455	2
151	1429	1
151	1725	1
151	1781	1
151	995	1
151	1341	1
151	5662	1
151	823	1
151	4480	1
151	5585	1
151	1651	1
151	878	1
151	2947	1
151	4973	1
151	507	1
151	3660	1
152	3951	1
152	1075	1
152	956	1
152	4511	2
152	713	1
152	4399	1
152	597	1
152	4012	1
152	3309	1
152	2166	1
152	3228	1
152	3749	1
152	2050	2
152	3003	1
152	3648	1
152	3323	1
152	5462	1
152	4177	1
152	3796	1
152	808	1
152	4164	1
152	1880	2
152	3783	1
152	4392	1
152	3666	1
152	945	1
152	1891	1
152	444	1
152	1610	1
152	5030	1
152	4724	1
152	4014	1
152	4596	1
152	3214	1
152	2238	1
153	3951	1
153	3437	1
153	5081	1
153	1160	1
153	752	1
153	4540	1
153	3510	1
153	743	2
153	3084	2
153	982	1
153	4011	1
153	2143	1
153	4319	1
153	521	1
153	1555	1
153	665	1
153	3703	1
153	3959	1
153	5132	1
153	1272	1
153	2091	1
153	554	1
153	2572	1
153	5608	1
153	1508	1
153	1999	1
153	3800	1
153	4010	1
154	3951	1
154	5327	1
154	5444	1
154	3781	1
154	4789	1
154	4752	1
154	2749	1
154	3467	1
154	1562	1
154	5557	1
154	1442	1
154	1651	1
154	3661	1
154	1474	1
154	1831	1
154	4411	1
154	4133	1
154	1065	2
154	2988	1
154	883	1
154	1229	1
154	1446	1
154	1476	1
154	656	1
154	3938	1
155	3951	1
155	423	1
155	5172	1
155	4799	1
155	842	1
155	1187	1
155	1255	1
155	4755	1
155	2497	1
155	4696	1
155	5315	1
155	1405	1
155	2409	1
155	799	1
155	1444	1
156	3951	1
156	3637	1
156	4992	1
156	1519	1
156	3157	1
156	2367	1
156	267	1
156	4735	1
156	4568	1
156	3550	1
156	5572	2
156	4778	1
156	2770	1
156	1822	1
156	3428	1
156	4887	2
156	4749	1
156	1715	1
156	1773	1
156	5570	1
156	3787	1
156	1856	1
156	5496	1
156	3878	1
156	549	1
156	3297	1
156	5186	1
156	4476	1
156	2589	1
156	2850	1
156	868	1
156	4841	1
156	2938	1
156	4244	1
156	1444	1
156	1232	1
156	2078	1
156	1445	1
156	2858	1
156	5678	1
156	4128	1
156	2797	1
156	3834	1
156	2723	1
156	3959	1
156	2841	1
156	269	1
157	3951	1
157	3111	1
157	5170	1
157	3108	1
157	4672	1
157	819	1
157	4915	1
157	2893	1
157	4414	1
157	675	1
157	4799	1
157	729	1
157	4411	1
157	5305	1
157	735	1
157	1465	1
157	1020	1
157	1996	1
157	770	1
157	3455	1
157	3987	1
157	4858	1
157	1342	1
157	4174	1
157	3276	1
157	1240	1
157	5297	1
157	882	1
157	1568	1
157	2382	1
157	4668	1
157	860	1
157	1397	1
157	2179	1
157	2250	1
157	1444	1
158	3951	1
158	3649	1
158	2920	1
158	4154	1
158	469	1
158	3550	1
158	1175	1
158	3274	1
158	2865	1
158	3506	2
158	297	3
158	4198	2
158	989	1
158	5135	1
158	4482	2
158	520	1
158	3073	1
158	682	1
158	3365	1
158	499	1
158	4619	1
158	767	1
158	1620	1
158	1880	1
158	5610	1
158	5603	1
158	2749	1
158	2058	1
158	1581	1
158	1683	1
158	4028	1
158	1191	1
158	1920	1
158	1768	1
158	2120	1
158	2728	1
158	1472	1
158	2169	1
158	1503	1
158	5523	1
158	3316	1
158	291	1
158	1682	2
158	1809	2
158	2580	1
158	3363	1
158	309	1
158	4280	1
158	3196	1
158	4331	1
158	2895	1
158	5293	1
158	4151	1
158	2078	1
158	852	1
158	3209	1
158	5418	1
158	5469	1
158	4739	1
158	1928	1
158	1001	1
158	2819	1
158	972	1
158	1664	1
158	664	1
159	3951	1
159	4805	1
159	1036	1
159	5086	3
159	400	1
159	3827	1
159	4963	2
159	824	1
159	1996	1
159	5612	2
159	1546	1
159	1111	1
159	434	1
159	4868	1
159	3927	1
159	3875	1
159	1534	1
159	2179	1
159	5439	1
159	2173	1
159	1732	1
159	3442	1
159	913	1
159	1537	1
159	2903	1
159	4659	1
159	4387	1
159	3580	1
159	4853	1
159	5611	1
159	2411	1
159	3808	1
159	4186	1
160	3951	1
160	3637	1
160	4997	1
160	815	1
160	1444	3
160	4900	1
160	3834	1
160	4013	2
160	2897	1
160	3088	1
160	3956	1
160	2841	1
160	698	1
160	3691	1
160	3657	1
160	3074	1
160	1295	1
160	3703	1
160	1001	1
160	3357	2
160	4343	1
160	3219	1
160	4959	2
160	5036	2
160	3380	1
160	4653	1
160	4244	1
160	2490	1
160	1743	1
160	4652	2
160	1051	1
160	1897	1
160	692	1
160	2458	1
160	434	1
160	4092	1
160	3523	1
160	4110	1
160	2337	1
160	4841	1
160	4053	1
160	1982	2
160	1160	1
160	505	1
160	643	1
160	2482	1
160	3359	1
160	4953	1
160	3844	2
160	1829	1
160	4767	1
160	1409	1
160	3878	1
160	5365	1
160	862	1
160	5572	1
160	4308	1
160	4183	1
160	4034	1
160	1227	1
160	2506	1
160	1824	1
160	2474	1
161	3951	1
161	4561	1
161	1154	1
161	2345	1
161	4705	1
161	3197	1
161	5258	1
161	501	1
161	2331	1
161	1721	1
161	2126	1
161	5662	1
161	1996	1
161	4351	1
161	2044	1
161	3250	1
161	2326	1
161	4572	1
162	3951	1
162	458	1
162	2129	1
162	3939	1
162	599	1
162	2367	1
162	367	1
162	4913	1
162	937	1
162	3455	1
162	5040	4
162	1453	4
162	3959	1
162	4110	4
162	1014	3
162	5277	1
162	2318	1
162	3718	1
162	4411	2
162	4880	1
162	3150	1
162	3093	1
162	5291	1
162	2265	1
162	2147	1
162	1428	1
162	1864	1
162	1651	1
162	480	2
162	4471	2
162	3823	3
162	5268	1
162	3106	1
162	3084	1
162	4383	1
162	1635	1
162	338	1
162	5179	1
162	3832	1
162	3875	1
162	1326	1
163	3951	1
163	4570	1
163	3597	1
163	1388	1
163	2367	1
163	4777	1
163	3655	1
163	1702	1
163	1293	1
163	338	1
163	5218	1
163	4640	1
163	985	1
163	1204	1
163	742	1
163	5288	1
163	4920	1
163	1024	1
163	2958	1
163	1976	1
163	4090	1
163	543	1
163	960	1
163	1419	1
163	3377	1
163	5001	1
163	3965	1
163	3694	1
163	981	1
163	1639	1
163	1205	1
163	1972	1
163	5298	1
163	470	1
163	3724	1
163	2726	1
163	2067	1
163	5282	1
163	3823	1
163	1226	1
163	5488	1
163	3560	1
163	4162	1
163	2061	1
164	3951	1
164	254	1
164	3640	1
164	4968	1
164	3665	1
164	5274	1
164	2367	1
164	5180	1
164	3940	1
164	3455	1
164	5582	1
164	3058	2
164	1192	1
164	2492	1
164	5414	1
164	1184	1
164	2457	2
164	4174	1
164	1220	1
164	3387	1
164	1201	1
164	1350	1
164	1502	1
164	4999	1
164	1395	2
164	1020	1
164	3995	1
164	1996	1
164	984	1
164	1667	1
164	1651	2
164	1140	1
164	4170	1
164	5140	1
164	4830	1
164	2144	1
164	558	1
164	1139	1
164	5599	1
164	285	1
164	546	1
164	4618	1
164	3526	1
164	3718	1
164	2887	1
164	4180	1
164	1138	1
164	3005	1
164	2179	1
164	1198	1
164	1474	1
164	2440	1
164	3605	1
164	2513	1
164	1422	1
164	5333	1
164	3329	1
164	5503	1
164	1457	1
164	559	1
164	3245	1
164	1360	1
165	3951	1
165	3159	1
165	263	1
165	1097	1
165	4561	1
165	1154	1
165	2367	1
165	1519	1
165	3164	1
165	4568	1
165	3550	1
165	1938	1
165	4320	1
165	4883	1
165	4121	1
165	3699	1
165	5625	1
165	3823	1
165	5016	2
165	4963	2
165	4166	1
165	3914	1
165	995	1
165	4813	1
165	1611	1
165	1448	1
165	665	1
165	3767	1
165	2665	1
165	868	1
165	4840	1
165	1001	1
165	4339	1
165	420	1
165	4086	2
165	2251	1
165	5242	1
165	953	1
165	1255	1
165	4755	1
165	2348	1
165	1728	1
166	3951	1
166	4968	1
166	311	1
166	5529	1
166	3894	1
166	3264	1
166	1762	1
166	3455	2
166	4720	2
166	5037	1
166	4389	1
166	1434	1
166	4110	1
166	3881	1
166	2921	1
166	5160	2
166	2208	1
166	1996	2
166	1204	1
166	4161	1
166	4567	1
166	1807	1
166	482	1
166	2014	1
166	3856	1
166	1020	1
166	4466	1
166	1708	1
166	1919	1
166	1917	1
166	4948	1
166	1661	1
166	2047	1
166	2460	1
166	3794	1
166	1651	1
166	1790	1
167	3951	1
167	5387	1
167	3461	1
167	2954	1
167	3113	1
167	4734	1
167	1823	1
167	3744	1
167	1240	1
167	1761	1
167	5508	1
167	2181	1
167	4110	1
167	4749	1
167	3267	1
167	1019	2
167	1862	1
167	1764	1
167	5503	1
167	1360	1
167	2484	1
167	1851	1
167	586	1
167	1707	1
167	2164	1
167	5606	1
167	1315	1
167	4431	1
167	334	1
167	2552	1
167	3392	1
168	3951	1
168	4968	1
168	356	1
168	5197	1
168	2367	1
168	4609	1
168	379	1
168	642	1
168	4327	1
168	2016	1
168	5262	1
168	1950	1
168	1750	1
168	347	1
168	3150	1
168	4386	1
168	4411	1
168	2255	1
168	4887	1
169	1715	2
169	1823	1
169	4481	1
169	4036	1
169	4942	3
169	430	2
169	2310	1
169	3415	1
169	2718	1
169	3804	2
169	539	2
169	5389	1
169	5586	1
169	1447	1
169	2179	2
169	4306	1
169	4784	1
169	2866	1
169	4399	1
169	597	1
169	535	1
169	1006	1
169	4749	2
169	4596	1
169	3013	1
169	564	1
169	3716	2
169	5079	1
169	420	1
169	2934	1
169	3496	1
169	3875	1
169	1534	1
169	5369	1
169	1111	1
169	1535	1
169	5625	1
169	3936	1
169	2979	1
169	3941	1
169	1196	1
169	2130	1
169	1877	1
169	5471	1
169	3746	1
169	1117	1
169	996	1
169	3118	1
169	2750	1
169	3959	1
169	4164	1
169	3776	1
169	3474	1
169	1692	1
169	491	1
169	2692	1
169	3497	1
169	3471	1
169	5381	1
169	788	1
170	788	1
170	1823	1
170	5583	1
170	5645	1
170	1377	1
170	503	1
170	3801	1
170	2018	1
170	3875	1
170	1228	1
170	1950	1
170	1750	1
170	1240	1
170	1962	1
170	2000	1
170	1001	1
170	1958	1
170	2116	1
170	3226	1
170	4853	1
170	4953	1
170	2447	1
170	5067	1
170	3628	1
170	2007	1
170	2662	1
170	2053	1
171	3951	1
171	4968	1
171	4194	1
171	3135	1
171	458	1
171	2071	1
171	2367	1
171	4843	1
171	3335	1
171	697	1
171	3541	1
171	1001	1
171	1396	1
171	1805	1
171	1877	1
171	1525	1
171	2294	1
171	1485	1
171	973	2
171	3236	1
171	4506	1
171	957	1
171	1326	1
171	1436	1
171	4365	1
171	4250	1
171	644	1
171	338	1
171	4694	1
171	4156	1
171	1105	2
171	4110	1
171	5026	1
171	5040	1
171	1453	1
171	4119	1
171	1510	1
171	2203	1
171	1448	1
171	1651	1
171	4465	1
171	3507	1
171	1672	1
171	2614	1
171	3781	1
171	1693	1
171	3956	1
171	5562	1
171	3569	1
171	361	1
171	3053	1
171	3718	1
171	3913	1
171	4537	1
171	4298	1
171	1579	1
171	2403	1
171	5625	1
171	5445	1
171	2137	1
172	3951	1
172	4968	2
172	5175	1
172	722	1
172	5180	1
172	2634	1
172	2367	1
172	1109	1
172	5103	1
172	3663	1
172	312	1
172	958	1
172	3634	1
172	1125	1
172	3205	1
172	2363	1
172	4725	1
172	3128	1
172	1050	1
172	1861	1
172	3404	1
172	4386	2
172	5130	1
172	4798	1
172	5492	1
172	4110	1
172	4059	1
172	4020	1
172	2731	1
172	5043	1
172	1692	1
172	1877	1
172	1907	1
172	3267	1
172	984	1
172	5596	1
172	405	1
172	2613	1
172	3502	1
172	5289	1
172	5203	1
172	2335	1
172	3125	1
172	1002	1
173	3951	1
173	5182	1
173	5099	1
173	4511	1
173	767	1
173	5056	1
173	5518	1
173	580	1
173	1395	1
173	4386	1
173	1958	2
173	1575	1
173	272	1
173	5124	1
173	1880	2
173	4420	1
173	5660	1
173	1057	1
173	2779	1
173	5443	1
173	3691	1
173	3809	1
173	3598	1
173	5058	1
173	4481	1
173	4453	1
173	1020	1
173	1996	1
173	4498	1
173	3883	1
173	1459	3
173	2022	1
173	4277	1
173	2015	1
173	1902	1
173	1890	1
173	4042	1
173	4411	2
173	3830	1
173	273	1
173	2303	1
173	2812	1
173	1272	1
173	1761	1
173	1325	1
173	1579	1
173	3698	1
173	4963	1
173	3387	1
173	5625	1
173	4524	1
173	2114	1
173	4708	1
173	4012	1
173	2383	1
173	649	1
173	3576	1
173	1733	1
173	2108	1
173	4509	1
173	673	1
173	2823	1
173	847	1
173	2319	1
174	3951	1
174	4968	1
174	3159	1
174	3157	1
174	2954	1
174	5005	1
174	3455	1
174	2132	1
174	4110	1
174	3659	1
174	3719	1
174	3118	1
174	588	1
174	3511	1
174	1513	1
174	3834	1
174	3798	1
174	3235	1
174	3755	1
174	5125	1
174	1356	1
174	1651	1
174	4766	1
174	1970	1
174	703	1
174	4756	1
174	2524	1
174	4247	1
174	3397	1
174	1464	1
174	4638	1
174	521	1
174	336	1
174	4988	1
174	2864	1
174	1859	1
174	1644	1
174	528	1
174	4527	1
174	4519	1
174	4477	1
174	2916	1
174	1790	1
175	3951	1
175	3178	1
175	3007	1
175	4968	1
175	4207	1
175	5550	1
175	2893	1
175	4729	1
175	242	1
175	5147	1
175	1290	1
175	3781	3
175	4657	2
175	3967	2
175	5187	2
175	5571	2
175	3087	1
175	2297	1
175	360	1
175	1811	1
175	621	1
175	1242	1
175	2189	1
175	672	1
175	1079	1
175	3049	1
175	1398	1
175	2397	1
175	557	1
175	1996	2
175	5353	1
175	3617	1
175	5613	1
175	1747	1
175	1114	1
175	4370	1
175	333	1
175	5612	2
175	1365	1
175	1617	1
175	4415	1
175	5405	1
175	4256	1
175	608	1
175	4781	1
176	3951	1
176	5182	1
176	3260	1
176	4758	1
176	1878	1
176	1825	1
176	3536	1
176	660	1
176	1666	1
176	1998	1
176	4394	1
176	4083	3
176	308	2
176	633	1
176	3234	1
176	2425	1
176	2207	2
176	742	2
176	5139	1
176	3286	1
176	1321	1
176	2465	1
176	5653	1
176	1198	3
176	5689	1
176	2211	1
176	5657	1
176	4084	2
176	526	1
176	4112	1
176	968	1
176	823	1
176	3209	1
176	4066	1
176	3268	1
176	5261	1
176	1353	1
176	4766	1
176	1651	1
176	2866	1
176	1534	1
176	2179	1
176	3468	1
176	3208	1
176	1145	1
176	1714	1
176	1698	1
176	1761	1
176	5513	1
176	1880	1
177	3951	1
177	292	1
177	5533	1
177	5691	1
177	880	1
177	4262	1
177	4572	1
177	577	1
177	4012	1
178	3951	1
178	4561	2
178	4673	1
178	5233	1
178	1444	1
178	1215	1
178	5587	1
178	2969	1
178	4672	1
179	3951	1
179	2821	1
179	4675	1
179	3979	1
179	3929	1
179	4320	1
179	4695	1
179	633	1
179	1320	1
179	2486	1
179	3084	1
179	4927	1
179	4347	1
179	1444	2
179	1948	2
179	2331	1
179	3361	3
179	2617	1
179	1254	1
179	1889	1
179	3388	1
179	1733	1
179	2858	1
179	1715	1
179	3293	1
179	1175	1
179	2545	1
179	3087	1
179	1414	1
180	4019	1
180	3820	1
180	5501	1
180	986	1
180	903	1
180	1996	1
180	490	1
181	3951	1
181	4968	1
181	717	1
181	1071	1
181	819	1
181	3188	1
181	2893	1
181	3213	1
181	4877	1
181	388	1
181	1796	1
181	528	1
181	4535	1
181	5570	1
181	1395	3
181	3718	1
181	808	1
181	5141	1
181	4228	1
181	976	1
181	1778	1
181	3150	1
181	2538	1
181	4275	1
181	1593	1
181	5561	1
181	1706	1
181	2163	1
181	5558	1
181	640	2
181	2022	1
181	4638	1
181	4202	1
181	420	1
181	4630	1
181	4110	1
181	3811	1
181	4180	2
181	308	3
181	1138	2
181	5623	1
181	3765	1
181	5212	1
181	1198	1
181	1304	1
181	1845	1
181	5486	1
181	735	1
181	1116	1
181	1922	1
181	2114	1
181	4639	1
181	4232	1
181	2135	2
181	3228	1
181	5425	1
181	1357	1
181	642	1
181	4340	1
181	4745	1
181	2121	1
181	333	1
181	1326	1
181	1675	1
182	3951	1
182	4561	1
182	4674	1
182	3820	1
182	5501	1
182	986	1
182	903	1
182	1996	1
182	761	1
182	283	1
182	5095	1
183	2209	1
183	3995	1
183	1996	1
183	1893	1
183	1412	1
183	3682	1
183	5295	1
183	2369	1
183	2878	1
183	3568	1
183	929	1
183	408	2
183	3063	1
183	1930	1
183	3843	1
183	650	1
183	2098	1
183	4372	1
183	1257	1
183	5020	1
183	3878	1
183	815	1
183	1444	3
183	648	1
183	3926	1
183	2703	1
183	1715	1
183	241	1
183	4509	1
183	497	1
183	5676	1
183	433	1
183	3805	1
183	2785	1
183	2125	1
183	2805	1
183	4013	1
184	1880	1
184	4363	1
184	4347	1
184	2083	1
184	742	1
184	2273	1
184	1175	1
184	1610	1
184	2181	1
184	4684	1
184	1006	1
184	1877	1
184	1020	1
184	1996	1
185	3951	1
185	3299	1
185	1066	1
185	1308	1
185	1085	1
185	257	1
185	1538	1
185	5628	1
185	3096	1
185	326	1
185	2944	1
185	3009	1
185	3979	1
185	3691	1
185	4233	1
185	1444	1
185	1257	2
185	4908	2
185	2631	1
185	3308	1
185	848	1
185	3811	1
185	5591	1
185	1001	1
185	2641	1
185	1877	1
185	5036	1
185	4984	1
185	1920	1
185	1768	1
185	3615	1
185	2888	1
185	3375	1
185	3872	1
185	3427	1
185	4939	1
185	446	1
186	3951	1
186	4968	5
186	4843	1
186	2999	1
186	1183	1
186	4671	1
186	5549	1
186	944	1
186	3157	1
186	1075	1
186	250	1
186	2056	1
186	4269	1
186	4931	1
186	1129	1
186	5143	1
186	1023	1
186	4194	1
186	5195	1
186	2893	1
186	1108	1
186	5273	1
186	5026	1
186	2179	2
186	2509	2
186	3691	1
186	1877	1
186	731	1
186	338	1
186	5372	1
186	3471	1
186	997	1
186	2241	1
186	3053	1
186	5128	1
186	3535	1
186	3861	1
186	5393	1
186	4185	1
186	729	1
186	1715	1
186	5437	1
186	1159	1
186	964	1
186	2789	1
186	4320	1
187	3951	1
187	4968	5
187	401	1
187	5208	1
187	820	1
187	346	1
187	252	1
187	4194	2
187	3184	1
187	4315	1
187	1121	1
187	3135	1
187	4912	1
187	4434	1
187	3315	1
187	243	1
187	4870	1
187	1144	1
187	4904	1
187	3302	1
187	4938	1
187	1167	1
187	5068	1
187	5164	1
187	2367	1
187	3037	1
187	5069	1
187	1823	1
187	4098	1
187	5645	1
187	1377	1
187	503	1
187	3625	1
187	1997	1
187	3718	2
187	5160	1
187	3035	1
187	799	1
187	1444	1
187	3801	1
187	1703	1
187	2635	1
187	1791	1
187	3629	1
187	2652	1
187	2701	1
187	1479	1
187	1727	1
188	3951	1
188	940	1
188	3148	1
188	5418	1
188	4162	1
188	1269	1
188	1634	1
188	2014	1
188	3751	1
188	3718	2
188	3047	1
188	2598	1
188	848	1
188	4115	1
188	3623	1
188	1829	1
188	1968	1
188	1698	1
188	1761	1
188	503	1
188	3852	1
188	4410	1
188	1579	2
188	2297	1
188	2963	1
188	2412	1
188	3083	1
188	5572	1
188	4416	1
189	3951	1
189	4790	1
189	612	1
189	2944	1
189	3010	1
189	4568	1
189	3550	1
189	503	1
189	3703	1
189	4813	2
189	4410	2
189	3718	2
189	496	1
189	5230	1
189	4539	1
189	1695	1
189	1585	1
189	949	1
189	4014	1
189	4596	2
189	3012	1
189	4965	1
189	283	1
189	915	1
189	2724	1
189	5185	1
189	502	1
189	1265	1
189	2068	1
189	3030	1
189	498	1
189	1610	1
189	1730	1
189	2336	1
189	4013	1
189	4099	1
189	1413	1
189	989	1
189	1225	1
190	3951	1
190	4865	1
190	958	1
190	4010	1
190	307	1
190	327	1
190	3278	1
190	714	1
190	5173	1
190	1043	1
190	3494	1
190	4968	1
190	5576	1
190	1047	1
190	1312	1
190	1083	1
190	5177	1
190	1089	1
190	2919	2
190	3134	1
190	4109	1
190	3161	1
190	4223	1
190	4207	1
190	4532	1
190	267	1
190	4730	1
190	5549	1
190	4897	1
190	2232	1
190	5117	1
190	5584	1
190	3031	1
190	1982	1
190	2755	1
190	3551	1
190	5640	1
190	2873	1
190	3238	1
190	3520	1
190	2696	1
190	3987	1
190	2179	1
190	799	1
190	1444	1
190	1555	1
191	3951	1
191	3142	1
191	1038	1
191	2367	1
191	4602	1
191	1092	1
191	3691	1
191	5079	1
191	653	1
191	2359	1
191	4749	1
191	4098	1
191	530	1
191	1863	1
191	5596	1
191	798	1
191	3084	1
191	856	1
192	3951	1
192	5387	1
192	385	1
192	4608	1
192	4362	1
192	334	1
192	5260	1
192	4150	1
192	3803	1
192	799	1
192	1444	2
192	5247	1
192	4517	1
192	2813	1
192	4862	1
192	4249	1
192	540	1
192	4244	1
192	1006	1
192	4626	1
192	2245	1
192	2178	1
192	2510	1
193	3951	1
193	3289	1
193	4105	1
193	2853	1
193	3654	1
193	4914	1
193	5126	1
193	1865	1
193	1560	1
193	974	1
193	4386	2
193	2330	1
193	4842	2
193	632	1
193	4319	1
193	3104	1
193	4399	1
193	597	1
193	4149	1
193	4012	2
193	856	1
193	4014	1
193	2601	1
193	3258	1
193	5254	1
193	1265	1
193	5313	1
193	949	1
193	3358	1
193	2922	1
193	4538	1
193	5394	1
193	1451	1
193	3579	1
193	2282	1
193	838	1
193	2434	1
193	2266	1
193	1001	1
193	4586	1
194	3951	1
194	3637	1
194	4993	1
194	391	1
194	3878	1
194	815	1
194	1444	2
194	5570	1
194	1949	1
194	2387	1
194	755	1
194	1293	1
194	5411	1
194	4620	1
194	3357	1
194	4485	1
194	632	1
194	4783	1
194	2927	1
194	4488	1
194	1611	1
194	1998	1
194	2408	1
194	4568	1
194	3892	1
194	301	1
194	1194	1
194	4504	1
194	5230	1
194	4539	1
194	4697	1
194	413	1
194	4749	1
195	3951	1
195	3108	1
195	3675	1
195	2893	1
195	268	1
195	255	1
195	5227	1
195	1293	1
195	1823	1
195	3550	1
195	4698	1
195	5392	2
195	4953	2
195	1006	1
195	4749	1
195	2000	1
195	856	1
195	2721	1
195	851	1
195	1751	1
195	1925	1
195	3896	1
195	1330	1
195	1652	1
195	2390	1
195	670	1
195	799	1
195	1444	1
196	3951	1
196	5385	1
196	3008	1
196	2893	1
196	4635	1
196	2587	1
196	4627	1
196	1675	1
196	1314	1
196	3546	1
196	715	3
196	3186	3
196	2817	1
196	280	1
196	4751	1
196	3125	1
196	1564	2
196	2992	1
196	3721	1
196	5523	1
196	4634	1
196	2016	1
196	5262	1
196	3554	1
196	2816	1
196	3244	1
196	1543	1
196	1396	1
196	1349	1
196	4749	1
196	3267	1
196	1870	1
196	1231	1
197	3951	1
197	4194	1
197	2578	1
197	1062	1
197	1086	1
197	2367	1
197	4777	1
197	3654	1
197	597	1
197	5682	2
197	1328	1
197	991	1
197	4012	2
197	3061	1
197	3084	2
197	3089	1
197	2677	1
197	4523	1
197	1444	3
197	3992	1
197	4254	1
197	5009	1
197	1610	1
197	2722	1
197	1784	1
197	4895	1
197	1099	1
197	952	1
197	287	1
197	2600	1
197	5095	1
197	283	1
197	949	1
197	404	1
197	2264	1
197	1265	1
197	5093	1
197	4538	1
197	5290	1
197	4364	1
197	5641	1
197	5008	1
197	1450	1
197	773	2
197	4694	1
197	2615	1
197	2502	1
197	4290	1
197	1400	1
198	3951	1
198	1062	1
198	1086	1
198	2367	1
198	257	1
198	1539	1
198	5411	1
198	4363	1
198	4657	1
198	3967	1
198	4819	1
198	4695	1
198	1117	1
198	3523	1
198	4973	1
198	1395	1
198	3787	1
198	890	1
198	742	1
198	1891	1
198	4546	1
198	1880	1
198	4511	1
198	555	1
198	2152	1
198	2456	1
198	1563	1
198	1651	1
198	2443	1
198	2883	1
198	841	1
198	4013	1
198	2112	1
198	3341	1
198	1184	1
199	3951	1
199	1062	1
199	1087	1
199	4911	1
199	5126	1
199	1865	1
199	2013	1
199	3506	1
199	5376	3
199	4307	6
199	879	2
199	1961	4
199	2022	1
199	4362	2
199	1481	1
199	3871	1
199	4163	1
199	5377	1
199	2114	1
199	597	1
199	1223	1
199	2446	1
199	1783	2
199	975	1
199	4500	2
199	3773	1
199	1906	1
199	4309	1
199	4411	1
199	2802	1
199	2605	1
199	4257	1
199	2108	1
199	1553	1
199	3540	1
199	4766	1
199	2179	1
199	791	1
199	2041	1
199	3523	1
199	1651	1
199	3534	1
199	892	1
199	1714	1
199	4863	1
199	5232	1
199	1240	1
199	1761	1
199	792	1
199	4922	1
199	1965	1
199	1633	1
199	851	1
200	3955	1
200	4392	1
200	5485	1
200	4084	1
200	3084	1
200	4059	1
200	499	2
200	3765	1
200	1981	1
200	1674	1
200	3020	1
200	2679	1
200	1930	1
200	2007	1
200	1715	2
200	1746	2
200	4568	1
200	3549	1
200	882	1
200	4058	1
200	1444	1
200	5627	1
200	1733	1
200	1668	1
200	1885	1
200	664	1
200	3449	1
200	2086	1
200	5463	1
200	1360	1
200	3995	1
200	1996	1
200	2965	1
200	4799	1
200	841	1
200	4345	1
200	4963	1
200	5671	1
200	308	1
200	1138	1
200	2858	1
200	1716	1
200	1736	1
200	4876	1
200	1964	1
200	1404	1
200	1994	1
200	1538	1
200	5521	1
200	3746	1
200	4840	1
200	834	1
200	742	1
201	3951	1
201	4968	1
201	940	1
201	4782	1
201	5337	1
201	3451	1
201	452	1
201	2261	1
201	5032	1
201	3381	1
201	4932	1
201	3056	1
201	5650	2
201	1006	3
201	4749	2
201	1924	1
201	2973	1
201	1434	3
201	2206	3
201	4202	1
201	1272	1
201	2014	1
201	3608	1
201	2080	1
201	5212	1
201	4698	1
201	2540	1
201	1588	1
201	1789	1
201	1877	1
201	4259	1
201	567	1
202	3951	1
202	5628	1
202	5106	1
202	2367	1
202	311	1
202	3674	1
202	2188	1
202	1001	1
202	1259	1
202	1853	2
202	891	1
202	5200	1
202	2294	1
202	3275	1
202	2135	1
202	5420	1
202	5507	1
202	4875	1
202	4335	1
202	1692	1
202	708	1
202	3380	1
202	3054	1
202	4886	1
202	3957	1
202	5528	1
202	1435	1
202	2316	1
202	4616	1
202	4202	1
202	3368	1
202	5079	1
202	1534	1
202	2179	1
202	545	1
202	2668	1
202	5371	1
202	522	1
202	1651	1
203	3951	2
203	342	2
203	4716	2
203	1401	2
203	2360	2
203	1153	2
203	3651	1
203	5411	1
203	5672	1
203	2861	1
203	3650	1
203	1382	1
203	3848	1
203	3405	1
203	1494	1
203	3712	1
203	3237	1
203	679	1
204	3951	1
204	4968	3
204	3191	1
204	1127	1
204	3159	1
204	3157	1
204	1167	1
204	1042	1
204	453	1
204	5546	1
204	4612	1
204	3461	1
204	366	1
204	1028	1
204	1379	1
204	5317	1
204	2247	1
204	5216	1
204	642	1
204	3107	1
204	5612	1
204	1562	1
204	867	1
204	290	1
204	370	1
204	5149	1
204	3969	1
204	1469	1
204	3615	1
204	3170	1
204	2547	1
205	3951	1
205	5182	1
205	5100	1
205	5659	1
205	639	1
205	2022	1
205	1299	2
205	2987	1
205	4409	1
205	3987	1
205	5641	1
205	2375	1
205	1132	1
205	4329	1
205	1444	1
205	1944	1
205	2015	1
205	1463	1
205	2407	1
205	1999	1
205	954	1
205	3846	1
205	703	1
205	1877	1
206	3951	1
206	4968	3
206	311	1
206	5529	1
206	3894	1
206	3263	1
206	4951	1
206	819	1
206	4793	1
206	3108	1
206	5397	1
206	3205	1
206	5091	1
206	2260	1
206	2994	1
206	1823	1
206	597	1
206	5668	2
206	3223	1
206	1271	1
206	1251	1
206	360	1
206	703	2
206	1877	1
206	2842	1
206	2008	1
206	2485	1
206	440	1
206	4755	1
206	4174	1
206	2180	1
206	1651	1
206	477	1
206	4387	1
206	3433	1
206	5368	1
206	4110	1
206	1344	1
206	5307	1
206	1234	1
206	5590	1
206	3797	1
206	5643	1
206	4828	1
206	2517	1
206	1649	1
206	2807	1
206	1454	1
206	503	1
206	3575	1
206	2778	1
206	3787	1
207	3951	1
207	4968	1
207	342	1
207	5312	1
207	4194	1
207	3167	1
207	394	1
207	4195	1
207	2459	1
207	4699	1
208	3951	1
208	4780	1
208	5082	1
208	4511	1
208	748	1
208	3718	3
208	688	3
208	1395	1
208	1924	1
208	1478	1
208	687	1
208	2317	1
208	2447	1
209	3951	1
209	3200	1
209	3675	1
209	942	1
209	4434	1
209	3144	1
209	2244	1
209	1104	1
209	1823	1
209	3455	1
209	2158	1
209	2218	1
209	1625	1
209	3276	1
209	1499	1
209	1317	1
209	2085	1
209	3577	1
209	2015	1
209	509	1
209	5594	1
209	3669	1
209	2794	1
209	4482	1
209	4856	1
209	4574	1
209	2736	1
210	3951	1
210	4968	1
210	5628	1
210	5106	1
210	2367	1
210	4843	1
210	4975	1
210	1853	2
210	3245	1
210	4114	1
210	2734	1
210	5199	1
210	4350	1
210	5125	2
210	677	2
210	3243	1
210	3868	1
210	5345	1
210	5113	2
210	2228	1
210	4198	1
210	652	1
210	4848	1
210	2429	1
210	420	1
210	275	1
210	4066	2
210	4541	1
210	863	1
210	848	1
210	5070	1
210	5018	1
210	990	1
210	396	1
210	1823	1
210	642	1
210	5666	1
210	2501	1
210	3499	1
210	1244	1
210	671	1
210	1259	1
210	989	1
210	3025	1
210	4482	1
210	271	1
210	4585	1
211	3951	1
211	4968	3
211	5177	1
211	591	1
211	4780	1
211	819	1
211	1119	1
211	4843	1
211	2999	1
211	257	1
211	4611	1
211	2893	1
211	1159	1
211	4839	1
211	1823	1
211	3971	1
211	1802	1
211	3712	1
211	4392	1
211	5475	1
211	3851	1
211	269	1
211	1006	1
211	4749	1
211	332	1
211	1679	1
211	4884	1
211	4966	1
211	5556	1
211	1111	1
211	4932	1
211	4180	1
211	1584	1
211	799	1
211	1444	1
212	3951	1
212	1062	1
212	1088	1
212	5411	1
212	3293	2
212	1117	1
212	3877	3
212	828	4
212	4572	2
212	996	1
212	5040	1
212	1453	1
212	856	1
212	2568	1
212	1240	1
212	1890	1
212	1827	3
212	3115	1
212	5646	1
212	4489	1
212	1611	1
212	2914	1
212	3154	1
212	3512	1
212	512	1
212	1293	1
212	5635	1
212	433	1
212	587	1
212	4013	1
212	4902	1
212	3353	1
212	1710	1
212	3860	1
212	2365	1
212	4458	1
212	3052	1
212	320	1
212	4230	1
212	2548	1
213	3951	1
213	3282	1
213	384	1
213	5256	1
213	4968	1
213	2924	1
213	3332	1
213	2367	1
213	4194	1
213	3117	1
213	4362	1
213	3506	1
213	4072	1
213	496	1
213	4012	2
213	1099	1
213	404	1
213	5021	1
213	5110	1
213	5253	1
213	2886	1
213	4538	1
213	1730	1
213	5290	1
213	4380	1
213	2811	1
213	5222	1
213	3550	1
213	3987	1
213	5641	1
213	4073	2
213	2296	1
213	4010	1
213	4628	1
213	4176	1
213	1293	1
213	4620	1
213	4739	2
213	1120	1
213	3018	1
213	812	1
213	2866	1
214	3951	1
214	2573	1
214	1146	1
214	2367	1
214	1159	1
214	5275	1
214	856	1
214	1897	1
214	4073	1
214	5309	1
214	3440	1
214	4937	1
214	2161	2
214	4164	1
214	3550	1
214	5626	1
214	3386	1
214	1348	1
214	2426	1
214	3506	1
214	1629	1
214	1516	1
214	4116	1
214	753	1
214	2867	1
214	1335	1
214	1199	1
214	3677	1
214	2832	1
214	5385	1
214	2639	1
214	4543	1
214	1395	1
214	4974	1
214	2412	1
214	1000	1
214	3321	1
214	2557	1
214	2649	1
214	5635	1
214	4555	1
214	4187	1
214	4794	1
214	4044	1
215	3951	1
215	1519	1
215	5317	1
215	2367	1
215	5544	1
215	5481	1
215	5436	1
215	4536	1
215	1704	1
215	2966	1
215	1365	1
215	974	1
215	914	1
215	574	1
215	3622	1
215	2656	1
215	432	1
216	3951	1
216	2372	1
216	3014	1
216	2462	1
216	925	1
216	5411	1
216	5587	1
216	2856	1
216	3848	1
216	4334	1
216	3718	1
216	4968	1
216	1857	1
216	924	1
216	4006	1
216	2471	1
216	3372	1
216	3875	1
216	1444	1
217	3951	1
217	5672	1
217	3944	1
217	3261	1
217	4987	1
217	5411	1
217	5587	1
217	3356	1
217	5229	1
217	3742	1
217	3718	1
217	4968	1
217	4191	1
217	4892	1
217	4013	1
217	711	1
217	632	1
217	2471	1
217	799	1
217	1444	1
218	3951	1
218	4777	1
218	3652	1
218	2367	1
218	3160	1
218	4982	1
218	5436	1
218	4634	1
218	463	1
218	4854	1
218	2787	1
218	483	1
218	938	1
218	3364	1
218	762	1
218	3215	1
218	1111	1
218	3223	1
218	1271	1
218	1269	1
218	1789	1
218	1844	1
218	2967	1
218	1608	1
219	3951	1
219	5385	1
219	3008	1
219	2367	1
219	5320	1
219	1063	1
219	4162	1
219	3501	1
219	4089	1
219	1770	1
219	2687	1
219	4423	1
219	3783	1
219	1117	1
219	3659	1
219	4444	2
219	526	1
219	4795	1
219	1444	2
219	3550	1
219	5059	1
219	4268	1
219	3754	1
219	4100	1
219	3487	1
219	505	1
219	1839	1
219	3818	1
219	4329	1
219	506	1
219	3660	1
219	5644	1
219	1877	1
219	5421	1
219	3097	1
219	1293	1
219	3280	1
219	584	1
219	841	1
220	3951	1
220	3142	1
220	1038	1
220	2367	1
220	4602	1
220	610	1
220	1091	1
220	1823	1
220	4096	1
220	5561	1
220	1069	2
220	4416	1
220	3901	1
220	4271	1
220	1067	1
220	1383	1
220	3578	2
220	651	3
220	630	1
220	1491	1
220	1877	2
220	1070	2
220	703	1
220	2364	1
220	5072	1
220	1779	1
220	5614	1
220	2195	1
220	998	1
220	5365	1
220	3084	1
220	997	1
220	530	2
220	4629	1
220	575	1
220	3107	1
220	1602	1
220	526	1
220	293	1
220	1563	1
220	1651	2
220	3686	1
220	2153	1
220	5472	1
220	2737	1
220	4260	1
220	4940	1
220	3643	1
220	667	1
220	560	1
220	4007	1
220	638	1
220	1202	1
220	1293	1
220	4074	1
220	3946	1
220	4442	1
220	3523	1
220	5506	1
220	1292	1
221	3951	1
221	4777	1
221	3653	1
221	633	1
221	4374	1
221	4050	1
221	3270	1
221	1293	1
221	5419	1
221	463	4
221	1894	1
221	3819	1
221	5594	1
221	1310	1
221	5668	1
221	3191	1
221	3314	1
221	1396	2
221	1178	2
221	2412	1
221	3619	1
221	3919	1
221	4795	2
221	1181	1
221	2230	1
221	3082	1
221	1179	1
221	5241	1
221	4265	1
221	3493	1
221	1565	3
221	1909	1
221	5669	1
221	2741	1
221	3823	1
221	1258	2
221	2998	2
221	3432	1
221	5038	1
221	1603	1
221	1767	1
221	3466	1
221	4352	2
221	2764	1
221	908	1
221	2355	1
221	409	1
221	5480	1
222	3951	1
222	1062	1
222	1086	1
222	2367	1
222	452	1
222	4562	1
222	4362	1
222	3967	1
222	4817	1
222	1444	1
222	1256	1
222	2810	1
222	4389	1
222	5234	1
222	2257	1
223	3951	1
223	1059	1
223	4992	1
223	2367	1
223	3082	1
223	3495	1
223	3317	1
223	3883	1
223	4986	1
223	1961	7
223	2022	1
223	3279	3
223	548	1
223	1858	2
223	3293	3
223	1321	1
223	1901	1
223	1782	1
223	1610	1
223	1730	1
223	1237	1
223	1251	1
223	3431	1
223	1267	1
223	2114	1
223	739	1
223	2408	1
223	1759	1
223	530	1
223	3187	1
223	841	1
223	5563	1
223	2896	1
223	1560	1
223	738	1
223	3180	1
223	878	1
223	547	1
223	2085	1
223	785	1
223	1859	1
223	2059	1
223	1174	1
223	1608	1
223	1819	1
223	856	2
223	2597	1
223	4786	1
223	4662	3
223	945	1
223	1891	1
223	2108	1
223	829	1
223	5359	1
223	5493	1
223	3600	1
223	5625	1
223	1846	1
223	850	1
224	3951	1
224	4968	1
224	4226	1
224	4406	1
224	598	1
224	1611	2
224	1448	1
224	2478	1
224	5499	1
224	1021	1
224	3086	2
224	588	1
224	3692	1
224	3718	1
224	2653	1
224	2141	1
224	1880	1
224	4502	1
224	3801	1
224	4515	1
224	1359	1
224	1610	1
224	5489	1
224	2717	1
224	4785	1
224	5218	1
224	1393	1
224	852	1
224	2189	1
224	2961	1
224	4102	1
224	859	1
224	2899	1
224	3227	1
225	3951	1
225	3417	2
225	369	1
225	4968	1
225	3195	1
225	2532	1
225	2893	1
225	5544	1
225	4864	1
225	3588	1
225	3598	1
225	3946	1
225	3840	1
225	5523	1
225	2771	1
225	1977	1
225	703	1
225	4755	1
225	3250	1
225	3984	2
225	1116	2
225	5561	1
225	5526	1
225	4429	1
225	3032	1
225	4707	1
225	3418	1
225	673	1
225	389	1
225	2925	1
226	3951	1
226	4968	1
226	950	1
226	5115	1
226	2543	1
226	248	1
226	1823	1
226	4529	1
226	3811	1
226	4395	1
226	4110	1
226	3762	1
226	4749	1
226	3267	1
226	1686	1
226	3629	1
226	2479	1
226	5611	1
226	2298	1
226	837	1
226	3153	1
226	1277	1
226	1532	1
226	1395	1
226	4990	1
226	846	1
226	1544	1
226	4850	1
226	729	1
227	3951	1
227	4968	1
227	5236	1
227	303	1
227	2893	1
227	3178	1
227	941	1
227	1823	1
227	2188	1
227	578	1
227	5668	4
227	703	2
227	1877	5
227	1534	3
227	5625	1
227	448	1
227	4560	1
227	3803	1
227	1761	1
227	1623	1
227	4557	1
227	4740	1
227	2515	1
227	4685	1
227	1326	1
227	2510	1
227	767	1
227	5056	1
227	5453	1
227	4456	1
227	4749	2
227	5629	1
227	1537	1
227	3045	1
227	2596	1
227	4309	1
227	3457	1
227	2109	1
227	2217	2
227	1255	1
227	4755	1
227	2179	3
227	597	1
227	4261	1
227	488	1
227	5120	1
227	3514	1
227	2608	1
227	5522	1
227	3611	1
227	3509	1
227	1352	1
227	4509	1
227	560	1
227	1006	3
227	900	1
227	1684	1
227	2314	1
227	2099	1
227	901	1
227	3433	1
227	2137	2
227	735	1
227	1487	1
227	4258	1
227	1949	1
227	1696	1
227	2448	1
227	1179	1
227	4492	1
227	4263	1
227	4110	1
227	4533	1
227	4614	1
227	5154	1
227	4407	1
228	3951	1
228	267	1
228	4730	1
228	2367	1
228	3802	1
228	2039	1
228	2131	1
228	518	1
228	2055	1
228	4494	1
228	734	1
228	2155	1
228	2788	1
228	1300	1
228	3002	1
228	278	1
228	1787	1
228	1444	2
228	1648	2
228	1715	1
228	1619	1
228	614	1
228	4568	1
228	3496	1
228	882	1
228	4376	1
228	1331	1
228	1171	1
228	4397	1
228	2378	1
228	4540	1
228	3322	1
228	2081	1
228	1847	1
228	472	1
228	1891	1
228	1001	1
228	2301	1
228	3776	1
228	3501	1
228	3271	1
228	1773	1
228	3811	1
228	2902	1
228	5408	1
228	3084	1
228	1266	1
228	1536	1
229	3951	1
229	4635	1
229	5542	1
229	4968	1
229	1008	1
229	403	1
229	3185	1
229	2358	1
229	3664	1
229	3133	1
229	5561	1
229	4162	1
229	4816	1
229	1207	1
229	3452	1
229	4174	1
229	1816	1
229	4679	1
229	703	2
229	1877	2
229	1947	1
229	3344	2
229	1437	1
229	2417	1
229	4013	1
229	2868	1
229	5212	1
229	1358	2
229	5625	2
229	4061	1
229	886	2
229	1848	1
229	2496	1
229	3450	1
229	1057	1
229	4295	1
229	2556	1
229	1596	1
229	2139	1
229	4288	1
229	3911	1
229	1365	1
229	4691	1
229	1883	1
229	896	1
229	3273	1
229	3393	1
229	4460	1
229	4341	1
229	4760	1
229	4392	1
229	3453	2
229	4545	1
229	1006	1
229	4749	1
229	2990	1
229	3790	1
229	3375	1
230	3951	1
230	4968	1
230	3663	1
230	312	1
230	958	1
230	2367	1
230	5023	1
230	1041	1
230	3536	1
230	1486	1
230	1346	1
230	5502	1
230	4264	1
230	2444	1
230	1641	1
230	2866	1
230	1194	1
230	4516	1
230	2149	2
230	1577	1
230	3741	1
230	1877	1
230	3979	1
230	3691	1
230	2110	1
230	556	1
230	5040	1
230	1453	1
230	2759	1
230	4813	1
230	1174	1
230	1395	1
230	4435	1
231	3951	1
231	4968	2
231	456	1
231	3332	2
231	5434	1
231	5174	1
231	4809	1
231	923	1
231	281	1
231	4206	1
231	4736	1
231	2367	1
231	5385	1
231	340	1
231	1907	1
231	1823	1
231	3744	1
231	1956	2
231	1257	2
231	4910	2
231	5668	2
231	1952	3
231	828	2
231	4572	2
231	519	1
231	3964	1
231	4162	1
231	1174	1
231	690	1
231	2968	1
231	2079	1
231	686	1
231	5594	1
231	3125	1
231	710	1
231	5259	1
231	4279	1
231	1001	1
231	5567	1
231	3497	1
231	3793	1
231	5570	1
231	2211	1
231	2504	1
231	3254	1
231	2636	1
231	4958	1
231	3734	1
231	4001	1
231	4146	1
231	1792	1
232	3951	1
232	717	1
232	2893	1
232	3213	1
232	4877	1
232	387	1
233	3951	1
233	4968	1
233	315	1
233	924	1
233	426	1
233	5177	1
233	406	1
233	4076	1
233	3071	1
233	3204	1
233	2021	1
233	4931	1
233	5388	1
233	609	1
233	5196	1
233	3168	1
233	2367	1
233	3417	1
233	4709	1
233	3452	1
233	3311	1
233	1244	1
233	870	1
233	2288	1
233	1263	1
233	2042	1
233	5593	1
233	2891	1
233	1053	1
233	987	1
233	1952	1
233	4003	1
233	5625	1
233	4749	5
233	3267	1
233	4249	1
233	3424	1
233	839	1
233	661	1
233	703	3
233	1631	1
233	4379	1
233	948	2
233	5241	1
233	4081	1
233	3399	1
233	331	1
233	866	1
233	4004	1
233	305	2
233	3082	2
233	947	2
233	3756	2
233	1444	2
233	986	2
233	5684	2
233	2300	1
234	3951	1
234	4968	1
234	1073	1
234	247	1
234	2367	1
234	993	1
234	5265	1
234	3042	1
234	1762	1
234	1823	1
234	494	1
234	633	1
234	2150	1
234	2212	1
234	3363	2
234	2014	1
234	1015	1
234	4939	1
234	352	2
234	1672	2
234	1855	2
234	5491	1
234	5035	1
234	3330	1
234	1032	1
234	4531	1
234	4933	1
234	3678	1
234	4577	1
234	4122	1
234	3480	1
234	3498	1
234	4319	1
234	471	1
234	869	1
234	2211	1
234	5664	1
234	4250	1
234	1006	1
234	4749	1
234	1287	1
234	885	1
234	3058	2
234	1626	1
234	1971	1
234	1447	1
234	3693	1
234	1556	1
234	2480	1
234	3833	1
234	4318	1
234	1001	1
234	3310	1
234	4320	1
234	3427	1
234	3837	1
234	783	1
234	4909	1
234	4278	1
234	5217	1
234	1110	1
234	1753	1
234	1275	1
234	1648	1
234	1580	1
235	3951	1
235	3717	1
235	1880	1
235	1825	1
235	1884	1
235	1037	2
235	3365	1
235	2579	1
235	5625	1
235	3708	1
235	2166	1
235	3515	1
235	3668	1
235	2457	1
235	3757	1
235	443	1
235	970	1
235	1975	1
235	4382	1
235	3630	1
235	3065	1
235	3851	1
235	3366	1
235	5077	1
235	2297	1
235	1537	1
235	1024	1
235	3224	1
235	3140	1
235	4110	1
235	2258	1
235	3367	1
235	4631	1
235	2745	1
235	3143	1
235	1551	1
235	3758	1
235	4786	1
235	5578	1
235	493	1
235	4035	1
235	1273	1
235	4402	1
235	5626	1
235	4114	1
235	427	1
235	939	1
235	3099	1
235	863	1
235	1001	1
235	1338	1
235	1575	1
235	1247	1
235	573	1
235	4289	1
235	3937	1
236	3951	1
236	4968	1
236	4713	1
236	5347	1
236	3557	1
236	5580	1
236	5507	1
236	3474	1
236	4749	5
236	5625	1
236	3930	1
236	3101	1
236	1378	1
236	3465	1
236	5139	1
236	5466	1
236	1972	1
236	654	1
236	3374	1
236	3182	1
236	3114	1
236	3085	1
236	3223	1
236	1471	3
236	4144	1
236	5622	1
236	1006	1
236	1877	1
236	1525	1
236	2866	1
236	4573	1
236	5010	1
236	3247	1
236	5013	1
236	3210	1
236	5224	1
236	5238	1
236	4148	1
236	5074	1
236	4873	1
236	5319	1
236	5400	1
236	4048	1
236	664	3
236	4872	2
236	273	2
236	3066	1
236	5406	1
236	3024	1
236	3629	2
236	3476	1
236	3100	1
236	1416	1
236	1605	2
236	703	4
236	4238	1
236	1929	1
236	2179	1
236	1568	1
236	832	1
236	3831	1
236	5212	1
236	1462	1
236	1445	1
236	1497	1
236	4655	1
236	293	1
236	3095	1
236	1764	1
236	5361	1
236	1452	1
236	5025	1
236	3574	1
236	906	1
236	1261	1
236	2457	1
236	905	1
236	1826	1
237	844	1
237	5501	1
237	5683	1
237	2002	1
237	4273	1
237	1444	1
237	2852	1
237	928	1
237	1788	4
237	2855	1
237	5346	1
237	3455	1
237	4134	1
237	4000	2
237	1471	3
237	5361	1
237	2006	1
237	5507	1
237	2215	1
237	1524	1
237	835	1
237	5408	1
237	3084	1
237	3266	1
237	3069	2
237	2438	1
237	4065	1
237	3114	1
237	3085	1
237	702	1
237	4091	1
237	5231	1
237	3304	1
237	5396	1
237	4758	1
237	4751	1
237	4393	1
237	2095	1
237	1999	1
237	856	1
237	2167	1
237	411	1
237	435	1
237	1632	1
237	1003	1
237	2059	1
237	2291	1
237	4066	1
237	1389	1
237	1456	1
237	5441	1
237	3212	1
237	4052	1
237	2104	1
237	1327	1
237	1775	1
237	664	1
237	5212	1
237	1339	1
237	3772	1
237	814	1
237	4981	1
237	703	1
237	1877	1
237	5365	1
237	1276	1
237	2263	1
237	4354	1
238	3951	1
238	1578	1
238	4928	1
238	4761	1
238	242	1
238	5146	1
238	356	1
238	819	1
238	1119	1
238	1312	1
238	2997	1
238	1112	1
238	3278	1
238	3412	1
238	2767	1
238	4906	1
238	4162	1
238	4816	1
238	3929	1
238	3386	1
238	1958	3
238	1447	1
238	3455	2
238	1352	2
238	3718	1
238	4386	2
238	4963	1
238	3034	1
238	3378	3
238	2189	1
238	888	1
238	1303	1
238	272	1
238	3067	1
238	596	1
238	4217	1
238	3098	1
238	5102	1
238	1421	2
238	2650	1
238	5324	1
238	1693	1
238	296	1
238	3756	1
238	1444	2
238	4129	1
238	799	1
238	572	1
238	1579	1
238	1742	1
239	3951	1
239	3663	1
239	312	1
239	958	1
239	5175	1
239	722	1
239	4206	1
239	1027	1
239	5326	1
239	1130	1
239	5541	1
239	2071	1
239	311	2
239	3673	1
239	542	1
239	4141	1
239	422	1
239	4924	1
239	5529	1
239	3894	1
239	3263	1
239	3646	1
239	5618	1
239	2262	1
239	3137	1
239	4610	1
239	933	1
239	4274	1
239	4853	3
239	1326	2
239	1742	3
239	2825	1
239	4320	1
239	5186	1
239	2712	1
239	5604	1
239	2898	1
239	3774	1
239	2013	1
239	590	1
239	2674	2
239	4398	1
239	4110	3
239	837	1
239	1138	1
239	1715	1
239	3344	1
239	3104	1
239	1972	3
239	3631	2
239	3363	1
239	3149	1
239	4886	1
239	1174	1
239	1395	2
239	3151	1
239	2561	1
239	4885	1
239	1801	1
239	3867	1
239	2179	1
239	3130	1
239	3866	1
239	1405	1
239	2471	1
239	3125	1
239	3296	1
239	4334	1
239	392	2
239	1522	2
239	1651	1
239	665	1
239	3871	1
239	3150	1
239	1579	1
239	995	1
239	1341	1
239	2887	2
239	4395	2
239	3848	1
239	4309	1
239	4386	2
239	693	1
239	350	1
239	1545	1
239	5365	1
239	1069	1
239	3522	1
239	556	1
239	2559	1
239	2983	1
239	2200	1
239	2963	1
239	5371	1
239	2166	1
239	3880	1
239	1367	1
239	1649	1
239	3371	1
239	4932	1
239	4067	1
239	2616	1
239	3577	1
239	1485	1
239	3034	1
239	5159	1
239	2539	1
239	5251	1
239	3643	1
239	667	1
240	3951	1
240	4807	1
240	3636	1
240	256	1
240	4427	1
240	260	1
240	717	1
240	1071	1
240	819	2
240	3188	1
240	4711	1
240	4833	1
240	315	1
240	1501	1
240	458	1
240	2071	1
240	5628	1
240	3011	1
240	3157	1
240	4704	1
240	3213	1
240	4877	1
240	3281	1
240	367	1
240	4901	1
240	936	1
240	4207	1
240	5322	1
240	2262	1
240	3137	1
240	4610	1
240	934	1
240	4620	1
240	5036	1
240	3932	1
240	2766	1
240	501	1
240	1982	1
240	4553	1
240	3929	1
240	1310	1
240	3888	1
240	1250	2
240	3718	5
240	4411	4
240	3890	1
240	3093	2
240	4439	1
240	988	2
240	659	2
240	3097	1
240	965	1
240	3174	1
240	4026	1
240	3759	2
240	4347	2
240	4386	3
240	4438	1
240	4313	1
240	716	2
240	2278	1
240	4479	1
240	3864	1
240	774	1
240	1213	1
240	3242	1
240	3585	1
240	4599	1
240	5137	1
240	1920	2
240	430	1
240	5378	1
240	3756	1
240	1444	1
240	3572	1
240	1439	1
240	800	1
240	5277	1
240	682	1
240	4687	1
240	1647	1
240	304	1
240	5419	1
240	4234	1
240	868	2
240	3116	1
240	4290	1
240	5570	1
240	1395	1
240	3344	1
240	1316	1
240	1562	1
240	2471	1
240	1915	1
240	5625	1
240	4110	1
240	2413	1
240	1485	1
240	3152	1
240	1547	1
240	4421	1
240	4813	1
240	3150	1
240	2424	1
